25,-2,lxhQNclslMg54oTytk3Jf9pcNJw=,dxDLsga4oyXBGyTkyumY3xhhdr4=
26,-2,lxhQNclslMg54oTytk3Jf9pcNJw=,dxDLsga4oyXBGyTkyumY3xhhdr4=
25,-3,lxhQNclslMg54oTytk3Jf9pcNJw=,dxDLsga4oyXBGyTkyumY3xhhdr4=
26,-3,lxhQNclslMg54oTytk3Jf9pcNJw=,dxDLsga4oyXBGyTkyumY3xhhdr4=
21,-7,lxhQNclslMg54oTytk3Jf9pcNJw=,//iYuKTwjbA/wuIbb4H5/mRpv3Q=
22,-7,lxhQNclslMg54oTytk3Jf9pcNJw=,//iYuKTwjbA/wuIbb4H5/mRpv3Q=
21,-6,lxhQNclslMg54oTytk3Jf9pcNJw=,//iYuKTwjbA/wuIbb4H5/mRpv3Q=
30,-7,lxhQNclslMg54oTytk3Jf9pcNJw=,vxs5JtLtkPIiCKXWf14zDZTTNds=
29,-6,lxhQNclslMg54oTytk3Jf9pcNJw=,vxs5JtLtkPIiCKXWf14zDZTTNds=
30,-6,lxhQNclslMg54oTytk3Jf9pcNJw=,vxs5JtLtkPIiCKXWf14zDZTTNds=
29,-7,lxhQNclslMg54oTytk3Jf9pcNJw=,vxs5JtLtkPIiCKXWf14zDZTTNds=
25,-11,lxhQNclslMg54oTytk3Jf9pcNJw=,xDVfSbjm2M7cSTlonjPhauVhu8I=
26,-11,lxhQNclslMg54oTytk3Jf9pcNJw=,xDVfSbjm2M7cSTlonjPhauVhu8I=
25,-10,lxhQNclslMg54oTytk3Jf9pcNJw=,xDVfSbjm2M7cSTlonjPhauVhu8I=
26,-10,lxhQNclslMg54oTytk3Jf9pcNJw=,xDVfSbjm2M7cSTlonjPhauVhu8I=
24,-2,Yxdk4tNn8itS1ydU7hugwIZ27wQ=,dxDLsga4oyXBGyTkyumY3xhhdr4=
24,-3,Yxdk4tNn8itS1ydU7hugwIZ27wQ=,dxDLsga4oyXBGyTkyumY3xhhdr4=
23,-3,Yxdk4tNn8itS1ydU7hugwIZ27wQ=,saWHLeQ/ESlqdyR23BIWPin2qCM=
17,-7,Yxdk4tNn8itS1ydU7hugwIZ27wQ=,MIvmH8xSuPhe5fCfx0ic7bEJaZM=
18,-7,Yxdk4tNn8itS1ydU7hugwIZ27wQ=,MIvmH8xSuPhe5fCfx0ic7bEJaZM=
19,-7,Yxdk4tNn8itS1ydU7hugwIZ27wQ=,MIvmH8xSuPhe5fCfx0ic7bEJaZM=
17,-6,Yxdk4tNn8itS1ydU7hugwIZ27wQ=,MIvmH8xSuPhe5fCfx0ic7bEJaZM=
18,-6,Yxdk4tNn8itS1ydU7hugwIZ27wQ=,MIvmH8xSuPhe5fCfx0ic7bEJaZM=
19,-6,Yxdk4tNn8itS1ydU7hugwIZ27wQ=,MIvmH8xSuPhe5fCfx0ic7bEJaZM=
20,-7,Yxdk4tNn8itS1ydU7hugwIZ27wQ=,//iYuKTwjbA/wuIbb4H5/mRpv3Q=
20,-6,Yxdk4tNn8itS1ydU7hugwIZ27wQ=,//iYuKTwjbA/wuIbb4H5/mRpv3Q=
17,-8,Yxdk4tNn8itS1ydU7hugwIZ27wQ=,MIvmH8xSuPhe5fCfx0ic7bEJaZM=
18,-8,Yxdk4tNn8itS1ydU7hugwIZ27wQ=,MIvmH8xSuPhe5fCfx0ic7bEJaZM=
22,-3,Yxdk4tNn8itS1ydU7hugwIZ27wQ=,saWHLeQ/ESlqdyR23BIWPin2qCM=
22,-4,Yxdk4tNn8itS1ydU7hugwIZ27wQ=,saWHLeQ/ESlqdyR23BIWPin2qCM=
25,-9,Yxdk4tNn8itS1ydU7hugwIZ27wQ=,xDVfSbjm2M7cSTlonjPhauVhu8I=
26,-9,Yxdk4tNn8itS1ydU7hugwIZ27wQ=,xDVfSbjm2M7cSTlonjPhauVhu8I=
24,-7,Yxdk4tNn8itS1ydU7hugwIZ27wQ=,+LefqmYkj2txOfe6OrG/4Wpp+8Y=
26,-4,Yxdk4tNn8itS1ydU7hugwIZ27wQ=,dxDLsga4oyXBGyTkyumY3xhhdr4=
23,-4,Yxdk4tNn8itS1ydU7hugwIZ27wQ=,saWHLeQ/ESlqdyR23BIWPin2qCM=
25,-4,Yxdk4tNn8itS1ydU7hugwIZ27wQ=,dxDLsga4oyXBGyTkyumY3xhhdr4=
24,-4,Yxdk4tNn8itS1ydU7hugwIZ27wQ=,dxDLsga4oyXBGyTkyumY3xhhdr4=
25,-8,Yxdk4tNn8itS1ydU7hugwIZ27wQ=,+LefqmYkj2txOfe6OrG/4Wpp+8Y=
26,-8,Yxdk4tNn8itS1ydU7hugwIZ27wQ=,+LefqmYkj2txOfe6OrG/4Wpp+8Y=
24,-6,Yxdk4tNn8itS1ydU7hugwIZ27wQ=,+LefqmYkj2txOfe6OrG/4Wpp+8Y=
22,-6,Yxdk4tNn8itS1ydU7hugwIZ27wQ=,//iYuKTwjbA/wuIbb4H5/mRpv3Q=
24,-5,Yxdk4tNn8itS1ydU7hugwIZ27wQ=,+LefqmYkj2txOfe6OrG/4Wpp+8Y=
25,-5,Yxdk4tNn8itS1ydU7hugwIZ27wQ=,+LefqmYkj2txOfe6OrG/4Wpp+8Y=
23,-7,Yxdk4tNn8itS1ydU7hugwIZ27wQ=,//iYuKTwjbA/wuIbb4H5/mRpv3Q=
25,-6,Yxdk4tNn8itS1ydU7hugwIZ27wQ=,+LefqmYkj2txOfe6OrG/4Wpp+8Y=
23,-5,Yxdk4tNn8itS1ydU7hugwIZ27wQ=,//iYuKTwjbA/wuIbb4H5/mRpv3Q=
22,-5,Yxdk4tNn8itS1ydU7hugwIZ27wQ=,//iYuKTwjbA/wuIbb4H5/mRpv3Q=
23,-6,Yxdk4tNn8itS1ydU7hugwIZ27wQ=,//iYuKTwjbA/wuIbb4H5/mRpv3Q=
28,-11,Yxdk4tNn8itS1ydU7hugwIZ27wQ=,M/+MFBpgmQawsnw+czYCcvAFhJ0=
29,-10,Yxdk4tNn8itS1ydU7hugwIZ27wQ=,M/+MFBpgmQawsnw+czYCcvAFhJ0=
30,-11,Yxdk4tNn8itS1ydU7hugwIZ27wQ=,M/+MFBpgmQawsnw+czYCcvAFhJ0=
27,-11,Yxdk4tNn8itS1ydU7hugwIZ27wQ=,xDVfSbjm2M7cSTlonjPhauVhu8I=
27,-10,Yxdk4tNn8itS1ydU7hugwIZ27wQ=,xDVfSbjm2M7cSTlonjPhauVhu8I=
29,-11,Yxdk4tNn8itS1ydU7hugwIZ27wQ=,M/+MFBpgmQawsnw+czYCcvAFhJ0=
28,-10,Yxdk4tNn8itS1ydU7hugwIZ27wQ=,M/+MFBpgmQawsnw+czYCcvAFhJ0=
27,-8,Yxdk4tNn8itS1ydU7hugwIZ27wQ=,+LefqmYkj2txOfe6OrG/4Wpp+8Y=
28,-7,Yxdk4tNn8itS1ydU7hugwIZ27wQ=,vxs5JtLtkPIiCKXWf14zDZTTNds=
26,-7,Yxdk4tNn8itS1ydU7hugwIZ27wQ=,+LefqmYkj2txOfe6OrG/4Wpp+8Y=
27,-9,Yxdk4tNn8itS1ydU7hugwIZ27wQ=,xDVfSbjm2M7cSTlonjPhauVhu8I=
28,-9,Yxdk4tNn8itS1ydU7hugwIZ27wQ=,M/+MFBpgmQawsnw+czYCcvAFhJ0=
29,-8,Yxdk4tNn8itS1ydU7hugwIZ27wQ=,vxs5JtLtkPIiCKXWf14zDZTTNds=
28,-8,Yxdk4tNn8itS1ydU7hugwIZ27wQ=,vxs5JtLtkPIiCKXWf14zDZTTNds=
27,-7,Yxdk4tNn8itS1ydU7hugwIZ27wQ=,+LefqmYkj2txOfe6OrG/4Wpp+8Y=
29,-9,Yxdk4tNn8itS1ydU7hugwIZ27wQ=,M/+MFBpgmQawsnw+czYCcvAFhJ0=
17,-4,Yxdk4tNn8itS1ydU7hugwIZ27wQ=,RGrirCg+zyaJ844PoDtdmMsIbRo=
18,-4,Yxdk4tNn8itS1ydU7hugwIZ27wQ=,RGrirCg+zyaJ844PoDtdmMsIbRo=
20,-5,Yxdk4tNn8itS1ydU7hugwIZ27wQ=,//iYuKTwjbA/wuIbb4H5/mRpv3Q=
19,-3,Yxdk4tNn8itS1ydU7hugwIZ27wQ=,RGrirCg+zyaJ844PoDtdmMsIbRo=
19,-5,Yxdk4tNn8itS1ydU7hugwIZ27wQ=,MIvmH8xSuPhe5fCfx0ic7bEJaZM=
18,-5,Yxdk4tNn8itS1ydU7hugwIZ27wQ=,MIvmH8xSuPhe5fCfx0ic7bEJaZM=
18,-3,Yxdk4tNn8itS1ydU7hugwIZ27wQ=,RGrirCg+zyaJ844PoDtdmMsIbRo=
17,-3,Yxdk4tNn8itS1ydU7hugwIZ27wQ=,RGrirCg+zyaJ844PoDtdmMsIbRo=
17,-5,Yxdk4tNn8itS1ydU7hugwIZ27wQ=,MIvmH8xSuPhe5fCfx0ic7bEJaZM=
19,-4,Yxdk4tNn8itS1ydU7hugwIZ27wQ=,RGrirCg+zyaJ844PoDtdmMsIbRo=
21,-5,Yxdk4tNn8itS1ydU7hugwIZ27wQ=,//iYuKTwjbA/wuIbb4H5/mRpv3Q=
20,-4,Yxdk4tNn8itS1ydU7hugwIZ27wQ=,saWHLeQ/ESlqdyR23BIWPin2qCM=
20,-3,Yxdk4tNn8itS1ydU7hugwIZ27wQ=,saWHLeQ/ESlqdyR23BIWPin2qCM=
21,-4,Yxdk4tNn8itS1ydU7hugwIZ27wQ=,saWHLeQ/ESlqdyR23BIWPin2qCM=
21,-3,Yxdk4tNn8itS1ydU7hugwIZ27wQ=,saWHLeQ/ESlqdyR23BIWPin2qCM=
18,-1,Yxdk4tNn8itS1ydU7hugwIZ27wQ=,RGrirCg+zyaJ844PoDtdmMsIbRo=
21,-1,Yxdk4tNn8itS1ydU7hugwIZ27wQ=,saWHLeQ/ESlqdyR23BIWPin2qCM=
19,-1,Yxdk4tNn8itS1ydU7hugwIZ27wQ=,RGrirCg+zyaJ844PoDtdmMsIbRo=
21,-2,Yxdk4tNn8itS1ydU7hugwIZ27wQ=,saWHLeQ/ESlqdyR23BIWPin2qCM=
18,-2,tmy0Wv/6+9VL4VAVMmda6JlLxm0=,RGrirCg+zyaJ844PoDtdmMsIbRo=
20,-1,tmy0Wv/6+9VL4VAVMmda6JlLxm0=,saWHLeQ/ESlqdyR23BIWPin2qCM=
20,-2,tmy0Wv/6+9VL4VAVMmda6JlLxm0=,saWHLeQ/ESlqdyR23BIWPin2qCM=
24,-1,tmy0Wv/6+9VL4VAVMmda6JlLxm0=,dxDLsga4oyXBGyTkyumY3xhhdr4=
25,-1,tmy0Wv/6+9VL4VAVMmda6JlLxm0=,dxDLsga4oyXBGyTkyumY3xhhdr4=
26,-1,tmy0Wv/6+9VL4VAVMmda6JlLxm0=,dxDLsga4oyXBGyTkyumY3xhhdr4=
23,-1,tmy0Wv/6+9VL4VAVMmda6JlLxm0=,saWHLeQ/ESlqdyR23BIWPin2qCM=
19,-2,tmy0Wv/6+9VL4VAVMmda6JlLxm0=,RGrirCg+zyaJ844PoDtdmMsIbRo=
22,-2,tmy0Wv/6+9VL4VAVMmda6JlLxm0=,saWHLeQ/ESlqdyR23BIWPin2qCM=
22,-1,tmy0Wv/6+9VL4VAVMmda6JlLxm0=,saWHLeQ/ESlqdyR23BIWPin2qCM=
23,-2,tmy0Wv/6+9VL4VAVMmda6JlLxm0=,saWHLeQ/ESlqdyR23BIWPin2qCM=
16,-7,tmy0Wv/6+9VL4VAVMmda6JlLxm0=,MIvmH8xSuPhe5fCfx0ic7bEJaZM=
16,-6,tmy0Wv/6+9VL4VAVMmda6JlLxm0=,MIvmH8xSuPhe5fCfx0ic7bEJaZM=
16,-4,tmy0Wv/6+9VL4VAVMmda6JlLxm0=,RGrirCg+zyaJ844PoDtdmMsIbRo=
16,-5,tmy0Wv/6+9VL4VAVMmda6JlLxm0=,MIvmH8xSuPhe5fCfx0ic7bEJaZM=
16,-3,tmy0Wv/6+9VL4VAVMmda6JlLxm0=,RGrirCg+zyaJ844PoDtdmMsIbRo=
31,-7,tmy0Wv/6+9VL4VAVMmda6JlLxm0=,vxs5JtLtkPIiCKXWf14zDZTTNds=
31,-6,tmy0Wv/6+9VL4VAVMmda6JlLxm0=,vxs5JtLtkPIiCKXWf14zDZTTNds=
31,-8,tmy0Wv/6+9VL4VAVMmda6JlLxm0=,vxs5JtLtkPIiCKXWf14zDZTTNds=
30,-10,tmy0Wv/6+9VL4VAVMmda6JlLxm0=,M/+MFBpgmQawsnw+czYCcvAFhJ0=
30,-8,tmy0Wv/6+9VL4VAVMmda6JlLxm0=,vxs5JtLtkPIiCKXWf14zDZTTNds=
17,-14,tmy0Wv/6+9VL4VAVMmda6JlLxm0=,TMADPy1YxGPF+W+U+q9xNjv3SkE=
18,-14,tmy0Wv/6+9VL4VAVMmda6JlLxm0=,TMADPy1YxGPF+W+U+q9xNjv3SkE=
31,-9,tmy0Wv/6+9VL4VAVMmda6JlLxm0=,M/+MFBpgmQawsnw+czYCcvAFhJ0=
17,-13,tmy0Wv/6+9VL4VAVMmda6JlLxm0=,TMADPy1YxGPF+W+U+q9xNjv3SkE=
18,-13,tmy0Wv/6+9VL4VAVMmda6JlLxm0=,TMADPy1YxGPF+W+U+q9xNjv3SkE=
17,-15,tmy0Wv/6+9VL4VAVMmda6JlLxm0=,TMADPy1YxGPF+W+U+q9xNjv3SkE=
18,-15,tmy0Wv/6+9VL4VAVMmda6JlLxm0=,TMADPy1YxGPF+W+U+q9xNjv3SkE=
19,-14,tmy0Wv/6+9VL4VAVMmda6JlLxm0=,TMADPy1YxGPF+W+U+q9xNjv3SkE=
19,-15,tmy0Wv/6+9VL4VAVMmda6JlLxm0=,TMADPy1YxGPF+W+U+q9xNjv3SkE=
24,-9,tmy0Wv/6+9VL4VAVMmda6JlLxm0=,xDVfSbjm2M7cSTlonjPhauVhu8I=
19,-8,tmy0Wv/6+9VL4VAVMmda6JlLxm0=,MIvmH8xSuPhe5fCfx0ic7bEJaZM=
20,-8,tmy0Wv/6+9VL4VAVMmda6JlLxm0=,//iYuKTwjbA/wuIbb4H5/mRpv3Q=
21,-8,tmy0Wv/6+9VL4VAVMmda6JlLxm0=,//iYuKTwjbA/wuIbb4H5/mRpv3Q=
25,-7,tmy0Wv/6+9VL4VAVMmda6JlLxm0=,+LefqmYkj2txOfe6OrG/4Wpp+8Y=
22,-8,tmy0Wv/6+9VL4VAVMmda6JlLxm0=,//iYuKTwjbA/wuIbb4H5/mRpv3Q=
24,-12,tmy0Wv/6+9VL4VAVMmda6JlLxm0=,xDVfSbjm2M7cSTlonjPhauVhu8I=
25,-12,tmy0Wv/6+9VL4VAVMmda6JlLxm0=,xDVfSbjm2M7cSTlonjPhauVhu8I=
26,-12,tmy0Wv/6+9VL4VAVMmda6JlLxm0=,xDVfSbjm2M7cSTlonjPhauVhu8I=
24,-10,tmy0Wv/6+9VL4VAVMmda6JlLxm0=,xDVfSbjm2M7cSTlonjPhauVhu8I=
19,-13,tmy0Wv/6+9VL4VAVMmda6JlLxm0=,TMADPy1YxGPF+W+U+q9xNjv3SkE=
24,-8,tmy0Wv/6+9VL4VAVMmda6JlLxm0=,+LefqmYkj2txOfe6OrG/4Wpp+8Y=
24,-11,tmy0Wv/6+9VL4VAVMmda6JlLxm0=,xDVfSbjm2M7cSTlonjPhauVhu8I=
23,-8,tmy0Wv/6+9VL4VAVMmda6JlLxm0=,//iYuKTwjbA/wuIbb4H5/mRpv3Q=
31,-10,tmy0Wv/6+9VL4VAVMmda6JlLxm0=,M/+MFBpgmQawsnw+czYCcvAFhJ0=
28,-4,tmy0Wv/6+9VL4VAVMmda6JlLxm0=,fTVam8ekWCiThf4Z2tc8fdPb49g=
29,-4,tmy0Wv/6+9VL4VAVMmda6JlLxm0=,fTVam8ekWCiThf4Z2tc8fdPb49g=
27,-2,tmy0Wv/6+9VL4VAVMmda6JlLxm0=,dxDLsga4oyXBGyTkyumY3xhhdr4=
27,-5,tmy0Wv/6+9VL4VAVMmda6JlLxm0=,+LefqmYkj2txOfe6OrG/4Wpp+8Y=
28,-3,tmy0Wv/6+9VL4VAVMmda6JlLxm0=,fTVam8ekWCiThf4Z2tc8fdPb49g=
27,-4,tmy0Wv/6+9VL4VAVMmda6JlLxm0=,dxDLsga4oyXBGyTkyumY3xhhdr4=
28,-5,tmy0Wv/6+9VL4VAVMmda6JlLxm0=,vxs5JtLtkPIiCKXWf14zDZTTNds=
30,-3,tmy0Wv/6+9VL4VAVMmda6JlLxm0=,fTVam8ekWCiThf4Z2tc8fdPb49g=
29,-5,tmy0Wv/6+9VL4VAVMmda6JlLxm0=,vxs5JtLtkPIiCKXWf14zDZTTNds=
30,-5,tmy0Wv/6+9VL4VAVMmda6JlLxm0=,vxs5JtLtkPIiCKXWf14zDZTTNds=
27,-3,tmy0Wv/6+9VL4VAVMmda6JlLxm0=,dxDLsga4oyXBGyTkyumY3xhhdr4=
17,-16,tmy0Wv/6+9VL4VAVMmda6JlLxm0=,TMADPy1YxGPF+W+U+q9xNjv3SkE=
18,-16,tmy0Wv/6+9VL4VAVMmda6JlLxm0=,TMADPy1YxGPF+W+U+q9xNjv3SkE=
31,-5,tmy0Wv/6+9VL4VAVMmda6JlLxm0=,vxs5JtLtkPIiCKXWf14zDZTTNds=
30,-9,tmy0Wv/6+9VL4VAVMmda6JlLxm0=,M/+MFBpgmQawsnw+czYCcvAFhJ0=
26,-5,tmy0Wv/6+9VL4VAVMmda6JlLxm0=,+LefqmYkj2txOfe6OrG/4Wpp+8Y=
29,-2,tmy0Wv/6+9VL4VAVMmda6JlLxm0=,fTVam8ekWCiThf4Z2tc8fdPb49g=
28,-2,tmy0Wv/6+9VL4VAVMmda6JlLxm0=,fTVam8ekWCiThf4Z2tc8fdPb49g=
31,-3,tmy0Wv/6+9VL4VAVMmda6JlLxm0=,fTVam8ekWCiThf4Z2tc8fdPb49g=
28,-6,tmy0Wv/6+9VL4VAVMmda6JlLxm0=,vxs5JtLtkPIiCKXWf14zDZTTNds=
26,-6,tmy0Wv/6+9VL4VAVMmda6JlLxm0=,+LefqmYkj2txOfe6OrG/4Wpp+8Y=
30,-4,tmy0Wv/6+9VL4VAVMmda6JlLxm0=,fTVam8ekWCiThf4Z2tc8fdPb49g=
27,-1,tmy0Wv/6+9VL4VAVMmda6JlLxm0=,dxDLsga4oyXBGyTkyumY3xhhdr4=
27,-6,tmy0Wv/6+9VL4VAVMmda6JlLxm0=,+LefqmYkj2txOfe6OrG/4Wpp+8Y=
28,-1,tmy0Wv/6+9VL4VAVMmda6JlLxm0=,fTVam8ekWCiThf4Z2tc8fdPb49g=
29,-1,tmy0Wv/6+9VL4VAVMmda6JlLxm0=,fTVam8ekWCiThf4Z2tc8fdPb49g=
29,-3,tmy0Wv/6+9VL4VAVMmda6JlLxm0=,fTVam8ekWCiThf4Z2tc8fdPb49g=
31,-4,tmy0Wv/6+9VL4VAVMmda6JlLxm0=,fTVam8ekWCiThf4Z2tc8fdPb49g=
19,-16,tmy0Wv/6+9VL4VAVMmda6JlLxm0=,TMADPy1YxGPF+W+U+q9xNjv3SkE=
30,-12,tmy0Wv/6+9VL4VAVMmda6JlLxm0=,M/+MFBpgmQawsnw+czYCcvAFhJ0=
28,-12,tmy0Wv/6+9VL4VAVMmda6JlLxm0=,M/+MFBpgmQawsnw+czYCcvAFhJ0=
29,-12,tmy0Wv/6+9VL4VAVMmda6JlLxm0=,M/+MFBpgmQawsnw+czYCcvAFhJ0=
27,-12,tmy0Wv/6+9VL4VAVMmda6JlLxm0=,xDVfSbjm2M7cSTlonjPhauVhu8I=
31,-12,tmy0Wv/6+9VL4VAVMmda6JlLxm0=,M/+MFBpgmQawsnw+czYCcvAFhJ0=
31,-11,tmy0Wv/6+9VL4VAVMmda6JlLxm0=,M/+MFBpgmQawsnw+czYCcvAFhJ0=
31,-1,tmy0Wv/6+9VL4VAVMmda6JlLxm0=,fTVam8ekWCiThf4Z2tc8fdPb49g=
30,-1,tmy0Wv/6+9VL4VAVMmda6JlLxm0=,fTVam8ekWCiThf4Z2tc8fdPb49g=
31,-2,OtQRC54qYKY7K6VQTXPJEaveWbY=,fTVam8ekWCiThf4Z2tc8fdPb49g=
30,-2,OtQRC54qYKY7K6VQTXPJEaveWbY=,fTVam8ekWCiThf4Z2tc8fdPb49g=
16,-8,OtQRC54qYKY7K6VQTXPJEaveWbY=,MIvmH8xSuPhe5fCfx0ic7bEJaZM=
16,-1,OtQRC54qYKY7K6VQTXPJEaveWbY=,RGrirCg+zyaJ844PoDtdmMsIbRo=
17,-2,OtQRC54qYKY7K6VQTXPJEaveWbY=,RGrirCg+zyaJ844PoDtdmMsIbRo=
16,-14,OtQRC54qYKY7K6VQTXPJEaveWbY=,TMADPy1YxGPF+W+U+q9xNjv3SkE=
16,-16,OtQRC54qYKY7K6VQTXPJEaveWbY=,TMADPy1YxGPF+W+U+q9xNjv3SkE=
16,-13,OtQRC54qYKY7K6VQTXPJEaveWbY=,TMADPy1YxGPF+W+U+q9xNjv3SkE=
16,-15,OtQRC54qYKY7K6VQTXPJEaveWbY=,TMADPy1YxGPF+W+U+q9xNjv3SkE=
16,-2,OtQRC54qYKY7K6VQTXPJEaveWbY=,RGrirCg+zyaJ844PoDtdmMsIbRo=
17,-1,OtQRC54qYKY7K6VQTXPJEaveWbY=,RGrirCg+zyaJ844PoDtdmMsIbRo=
9,-19,L7Y1m8BFd0SNq9+kVkF7wU/7UCg=,Ndr/IqR538yI+JoWvhJiN9MGr4Q=
10,-19,L7Y1m8BFd0SNq9+kVkF7wU/7UCg=,Ndr/IqR538yI+JoWvhJiN9MGr4Q=
9,-18,L7Y1m8BFd0SNq9+kVkF7wU/7UCg=,Ndr/IqR538yI+JoWvhJiN9MGr4Q=
10,-18,L7Y1m8BFd0SNq9+kVkF7wU/7UCg=,Ndr/IqR538yI+JoWvhJiN9MGr4Q=
6,-19,L7Y1m8BFd0SNq9+kVkF7wU/7UCg=,OPT8rEVjPKFTwuHwfTTWnIUgfyM=
8,-19,L7Y1m8BFd0SNq9+kVkF7wU/7UCg=,Ndr/IqR538yI+JoWvhJiN9MGr4Q=
7,-19,L7Y1m8BFd0SNq9+kVkF7wU/7UCg=,OPT8rEVjPKFTwuHwfTTWnIUgfyM=
14,-18,L7Y1m8BFd0SNq9+kVkF7wU/7UCg=,kZ+isoz2M2u/W+Cq8Un6IjjnBf0=
12,-19,L7Y1m8BFd0SNq9+kVkF7wU/7UCg=,kZ+isoz2M2u/W+Cq8Un6IjjnBf0=
13,-19,L7Y1m8BFd0SNq9+kVkF7wU/7UCg=,kZ+isoz2M2u/W+Cq8Un6IjjnBf0=
14,-19,L7Y1m8BFd0SNq9+kVkF7wU/7UCg=,kZ+isoz2M2u/W+Cq8Un6IjjnBf0=
11,-19,L7Y1m8BFd0SNq9+kVkF7wU/7UCg=,Ndr/IqR538yI+JoWvhJiN9MGr4Q=
5,-19,L7Y1m8BFd0SNq9+kVkF7wU/7UCg=,OPT8rEVjPKFTwuHwfTTWnIUgfyM=
8,-18,L7Y1m8BFd0SNq9+kVkF7wU/7UCg=,Ndr/IqR538yI+JoWvhJiN9MGr4Q=
7,-18,L7Y1m8BFd0SNq9+kVkF7wU/7UCg=,OPT8rEVjPKFTwuHwfTTWnIUgfyM=
6,-18,L7Y1m8BFd0SNq9+kVkF7wU/7UCg=,OPT8rEVjPKFTwuHwfTTWnIUgfyM=
1,-18,L7Y1m8BFd0SNq9+kVkF7wU/7UCg=,L9HOY6IEvtzVTmAqANfqIl3xq48=
2,-18,L7Y1m8BFd0SNq9+kVkF7wU/7UCg=,L9HOY6IEvtzVTmAqANfqIl3xq48=
3,-18,L7Y1m8BFd0SNq9+kVkF7wU/7UCg=,L9HOY6IEvtzVTmAqANfqIl3xq48=
1,-19,L7Y1m8BFd0SNq9+kVkF7wU/7UCg=,L9HOY6IEvtzVTmAqANfqIl3xq48=
4,-18,L7Y1m8BFd0SNq9+kVkF7wU/7UCg=,OPT8rEVjPKFTwuHwfTTWnIUgfyM=
4,-19,L7Y1m8BFd0SNq9+kVkF7wU/7UCg=,OPT8rEVjPKFTwuHwfTTWnIUgfyM=
2,-19,L7Y1m8BFd0SNq9+kVkF7wU/7UCg=,L9HOY6IEvtzVTmAqANfqIl3xq48=
3,-19,L7Y1m8BFd0SNq9+kVkF7wU/7UCg=,L9HOY6IEvtzVTmAqANfqIl3xq48=
1,-20,L7Y1m8BFd0SNq9+kVkF7wU/7UCg=,L9HOY6IEvtzVTmAqANfqIl3xq48=
2,-20,L7Y1m8BFd0SNq9+kVkF7wU/7UCg=,L9HOY6IEvtzVTmAqANfqIl3xq48=
0,-18,L7Y1m8BFd0SNq9+kVkF7wU/7UCg=,L9HOY6IEvtzVTmAqANfqIl3xq48=
0,-19,L7Y1m8BFd0SNq9+kVkF7wU/7UCg=,L9HOY6IEvtzVTmAqANfqIl3xq48=
14,-20,L7Y1m8BFd0SNq9+kVkF7wU/7UCg=,kZ+isoz2M2u/W+Cq8Un6IjjnBf0=
13,-20,L7Y1m8BFd0SNq9+kVkF7wU/7UCg=,kZ+isoz2M2u/W+Cq8Un6IjjnBf0=
4,-20,L7Y1m8BFd0SNq9+kVkF7wU/7UCg=,OPT8rEVjPKFTwuHwfTTWnIUgfyM=
5,-20,L7Y1m8BFd0SNq9+kVkF7wU/7UCg=,OPT8rEVjPKFTwuHwfTTWnIUgfyM=
6,-20,V0CJhL6CGd/p5nqLUxQxv4C6mdg=,OPT8rEVjPKFTwuHwfTTWnIUgfyM=
3,-20,V0CJhL6CGd/p5nqLUxQxv4C6mdg=,L9HOY6IEvtzVTmAqANfqIl3xq48=
8,-20,V0CJhL6CGd/p5nqLUxQxv4C6mdg=,Ndr/IqR538yI+JoWvhJiN9MGr4Q=
9,-20,V0CJhL6CGd/p5nqLUxQxv4C6mdg=,Ndr/IqR538yI+JoWvhJiN9MGr4Q=
10,-20,V0CJhL6CGd/p5nqLUxQxv4C6mdg=,Ndr/IqR538yI+JoWvhJiN9MGr4Q=
12,-20,V0CJhL6CGd/p5nqLUxQxv4C6mdg=,kZ+isoz2M2u/W+Cq8Un6IjjnBf0=
11,-20,V0CJhL6CGd/p5nqLUxQxv4C6mdg=,Ndr/IqR538yI+JoWvhJiN9MGr4Q=
7,-20,V0CJhL6CGd/p5nqLUxQxv4C6mdg=,OPT8rEVjPKFTwuHwfTTWnIUgfyM=
15,-18,V0CJhL6CGd/p5nqLUxQxv4C6mdg=,kZ+isoz2M2u/W+Cq8Un6IjjnBf0=
15,-19,V0CJhL6CGd/p5nqLUxQxv4C6mdg=,kZ+isoz2M2u/W+Cq8Un6IjjnBf0=
15,-17,V0CJhL6CGd/p5nqLUxQxv4C6mdg=,kZ+isoz2M2u/W+Cq8Un6IjjnBf0=
0,-20,V0CJhL6CGd/p5nqLUxQxv4C6mdg=,L9HOY6IEvtzVTmAqANfqIl3xq48=
15,-20,V0CJhL6CGd/p5nqLUxQxv4C6mdg=,kZ+isoz2M2u/W+Cq8Un6IjjnBf0=
14,-17,V0CJhL6CGd/p5nqLUxQxv4C6mdg=,kZ+isoz2M2u/W+Cq8Un6IjjnBf0=
5,-18,V0CJhL6CGd/p5nqLUxQxv4C6mdg=,OPT8rEVjPKFTwuHwfTTWnIUgfyM=
0,-17,V0CJhL6CGd/p5nqLUxQxv4C6mdg=,L9HOY6IEvtzVTmAqANfqIl3xq48=
1,-17,V0CJhL6CGd/p5nqLUxQxv4C6mdg=,L9HOY6IEvtzVTmAqANfqIl3xq48=
3,-17,V0CJhL6CGd/p5nqLUxQxv4C6mdg=,L9HOY6IEvtzVTmAqANfqIl3xq48=
2,-17,V0CJhL6CGd/p5nqLUxQxv4C6mdg=,L9HOY6IEvtzVTmAqANfqIl3xq48=
4,-17,V0CJhL6CGd/p5nqLUxQxv4C6mdg=,OPT8rEVjPKFTwuHwfTTWnIUgfyM=
5,-17,V0CJhL6CGd/p5nqLUxQxv4C6mdg=,OPT8rEVjPKFTwuHwfTTWnIUgfyM=
12,-18,V0CJhL6CGd/p5nqLUxQxv4C6mdg=,kZ+isoz2M2u/W+Cq8Un6IjjnBf0=
9,-17,V0CJhL6CGd/p5nqLUxQxv4C6mdg=,Ndr/IqR538yI+JoWvhJiN9MGr4Q=
13,-18,V0CJhL6CGd/p5nqLUxQxv4C6mdg=,kZ+isoz2M2u/W+Cq8Un6IjjnBf0=
11,-18,V0CJhL6CGd/p5nqLUxQxv4C6mdg=,Ndr/IqR538yI+JoWvhJiN9MGr4Q=
6,-17,V0CJhL6CGd/p5nqLUxQxv4C6mdg=,OPT8rEVjPKFTwuHwfTTWnIUgfyM=
7,-17,V0CJhL6CGd/p5nqLUxQxv4C6mdg=,OPT8rEVjPKFTwuHwfTTWnIUgfyM=
8,-17,V0CJhL6CGd/p5nqLUxQxv4C6mdg=,Ndr/IqR538yI+JoWvhJiN9MGr4Q=
10,-17,V0CJhL6CGd/p5nqLUxQxv4C6mdg=,Ndr/IqR538yI+JoWvhJiN9MGr4Q=
11,-17,V0CJhL6CGd/p5nqLUxQxv4C6mdg=,Ndr/IqR538yI+JoWvhJiN9MGr4Q=
13,-17,V0CJhL6CGd/p5nqLUxQxv4C6mdg=,kZ+isoz2M2u/W+Cq8Un6IjjnBf0=
12,-17,V0CJhL6CGd/p5nqLUxQxv4C6mdg=,kZ+isoz2M2u/W+Cq8Un6IjjnBf0=
3,-6,+GwxwmTuTJ2oovMEiXMgr1hhZzw=,SMGoK3UbBrevwpZr7Ti5p2Ke9N4=
4,-5,+GwxwmTuTJ2oovMEiXMgr1hhZzw=,/ITe3UZZaLlZmY3OfwOhJPJtO5k=
3,-5,+GwxwmTuTJ2oovMEiXMgr1hhZzw=,SMGoK3UbBrevwpZr7Ti5p2Ke9N4=
5,-5,+GwxwmTuTJ2oovMEiXMgr1hhZzw=,/ITe3UZZaLlZmY3OfwOhJPJtO5k=
2,-5,+GwxwmTuTJ2oovMEiXMgr1hhZzw=,SMGoK3UbBrevwpZr7Ti5p2Ke9N4=
2,-6,+GwxwmTuTJ2oovMEiXMgr1hhZzw=,SMGoK3UbBrevwpZr7Ti5p2Ke9N4=
5,-6,+GwxwmTuTJ2oovMEiXMgr1hhZzw=,/ITe3UZZaLlZmY3OfwOhJPJtO5k=
4,-4,+GwxwmTuTJ2oovMEiXMgr1hhZzw=,zsid15atDSpeeSqRX0eAWMfMGxU=
3,-3,+GwxwmTuTJ2oovMEiXMgr1hhZzw=,+D5ANDurV24W9b3fMBGZHnzu030=
4,-6,+GwxwmTuTJ2oovMEiXMgr1hhZzw=,/ITe3UZZaLlZmY3OfwOhJPJtO5k=
5,-4,7CoY53UWkSKOJETGFUm8Cc+750o=,zsid15atDSpeeSqRX0eAWMfMGxU=
2,-4,7CoY53UWkSKOJETGFUm8Cc+750o=,+D5ANDurV24W9b3fMBGZHnzu030=
4,-3,7CoY53UWkSKOJETGFUm8Cc+750o=,zsid15atDSpeeSqRX0eAWMfMGxU=
5,-3,7CoY53UWkSKOJETGFUm8Cc+750o=,zsid15atDSpeeSqRX0eAWMfMGxU=
3,-4,7CoY53UWkSKOJETGFUm8Cc+750o=,+D5ANDurV24W9b3fMBGZHnzu030=
2,-3,7CoY53UWkSKOJETGFUm8Cc+750o=,+D5ANDurV24W9b3fMBGZHnzu030=
4,-8,7CoY53UWkSKOJETGFUm8Cc+750o=,/ITe3UZZaLlZmY3OfwOhJPJtO5k=
2,-7,7CoY53UWkSKOJETGFUm8Cc+750o=,SMGoK3UbBrevwpZr7Ti5p2Ke9N4=
2,-9,hre7qhQTiqbOyipwKuH0GzxQB7g=,AyNQTpVd6wpJYopcSBUtD78mYlU=
5,-7,hre7qhQTiqbOyipwKuH0GzxQB7g=,/ITe3UZZaLlZmY3OfwOhJPJtO5k=
4,-7,hre7qhQTiqbOyipwKuH0GzxQB7g=,/ITe3UZZaLlZmY3OfwOhJPJtO5k=
4,-9,hre7qhQTiqbOyipwKuH0GzxQB7g=,JWAVAjfvsNjD+JOF0aQNXMPD6A8=
3,-10,hre7qhQTiqbOyipwKuH0GzxQB7g=,AyNQTpVd6wpJYopcSBUtD78mYlU=
3,-7,hre7qhQTiqbOyipwKuH0GzxQB7g=,SMGoK3UbBrevwpZr7Ti5p2Ke9N4=
2,-10,hre7qhQTiqbOyipwKuH0GzxQB7g=,AyNQTpVd6wpJYopcSBUtD78mYlU=
5,-9,hre7qhQTiqbOyipwKuH0GzxQB7g=,JWAVAjfvsNjD+JOF0aQNXMPD6A8=
5,-8,hre7qhQTiqbOyipwKuH0GzxQB7g=,/ITe3UZZaLlZmY3OfwOhJPJtO5k=
2,-8,hre7qhQTiqbOyipwKuH0GzxQB7g=,SMGoK3UbBrevwpZr7Ti5p2Ke9N4=
3,-9,hre7qhQTiqbOyipwKuH0GzxQB7g=,AyNQTpVd6wpJYopcSBUtD78mYlU=
4,-10,hre7qhQTiqbOyipwKuH0GzxQB7g=,JWAVAjfvsNjD+JOF0aQNXMPD6A8=
5,-10,hre7qhQTiqbOyipwKuH0GzxQB7g=,JWAVAjfvsNjD+JOF0aQNXMPD6A8=
3,-8,hre7qhQTiqbOyipwKuH0GzxQB7g=,SMGoK3UbBrevwpZr7Ti5p2Ke9N4=
4,-12,EL9cxo3ZcRlJLIN17X/UtRhUSZ8=,JWAVAjfvsNjD+JOF0aQNXMPD6A8=
4,-14,EL9cxo3ZcRlJLIN17X/UtRhUSZ8=,eejpVWPCumEx26o85ypY5rNPC94=
5,-14,EL9cxo3ZcRlJLIN17X/UtRhUSZ8=,eejpVWPCumEx26o85ypY5rNPC94=
5,-13,EL9cxo3ZcRlJLIN17X/UtRhUSZ8=,eejpVWPCumEx26o85ypY5rNPC94=
4,-11,EL9cxo3ZcRlJLIN17X/UtRhUSZ8=,JWAVAjfvsNjD+JOF0aQNXMPD6A8=
2,-11,EL9cxo3ZcRlJLIN17X/UtRhUSZ8=,AyNQTpVd6wpJYopcSBUtD78mYlU=
5,-12,c3iWwZkvs+30EhTas3kXiOez07I=,JWAVAjfvsNjD+JOF0aQNXMPD6A8=
2,-12,c3iWwZkvs+30EhTas3kXiOez07I=,AyNQTpVd6wpJYopcSBUtD78mYlU=
3,-11,c3iWwZkvs+30EhTas3kXiOez07I=,AyNQTpVd6wpJYopcSBUtD78mYlU=
5,-11,c3iWwZkvs+30EhTas3kXiOez07I=,JWAVAjfvsNjD+JOF0aQNXMPD6A8=
3,-12,c3iWwZkvs+30EhTas3kXiOez07I=,AyNQTpVd6wpJYopcSBUtD78mYlU=
3,-13,c3iWwZkvs+30EhTas3kXiOez07I=,udoQzgpCqoPl+aL4+r2kVuqGYHk=
4,-13,c3iWwZkvs+30EhTas3kXiOez07I=,eejpVWPCumEx26o85ypY5rNPC94=
2,-13,c3iWwZkvs+30EhTas3kXiOez07I=,udoQzgpCqoPl+aL4+r2kVuqGYHk=
2,-14,c3iWwZkvs+30EhTas3kXiOez07I=,udoQzgpCqoPl+aL4+r2kVuqGYHk=
3,-14,c3iWwZkvs+30EhTas3kXiOez07I=,udoQzgpCqoPl+aL4+r2kVuqGYHk=
8,-12,ngTOdJ/uxV2ZOI+HZPCmM8fuOaM=,WARSzJuTtumzw64RKB01d76E8Iw=
9,-12,ngTOdJ/uxV2ZOI+HZPCmM8fuOaM=,WARSzJuTtumzw64RKB01d76E8Iw=
9,-13,ngTOdJ/uxV2ZOI+HZPCmM8fuOaM=,GmHwB5CzAilqL/WjPRKQW0g43Js=
7,-12,ngTOdJ/uxV2ZOI+HZPCmM8fuOaM=,JWAVAjfvsNjD+JOF0aQNXMPD6A8=
8,-13,ngTOdJ/uxV2ZOI+HZPCmM8fuOaM=,GmHwB5CzAilqL/WjPRKQW0g43Js=
9,-14,ngTOdJ/uxV2ZOI+HZPCmM8fuOaM=,GmHwB5CzAilqL/WjPRKQW0g43Js=
8,-14,ngTOdJ/uxV2ZOI+HZPCmM8fuOaM=,GmHwB5CzAilqL/WjPRKQW0g43Js=
7,-14,ngTOdJ/uxV2ZOI+HZPCmM8fuOaM=,eejpVWPCumEx26o85ypY5rNPC94=
7,-13,ngTOdJ/uxV2ZOI+HZPCmM8fuOaM=,eejpVWPCumEx26o85ypY5rNPC94=
7,-11,ngTOdJ/uxV2ZOI+HZPCmM8fuOaM=,JWAVAjfvsNjD+JOF0aQNXMPD6A8=
6,-14,ngTOdJ/uxV2ZOI+HZPCmM8fuOaM=,eejpVWPCumEx26o85ypY5rNPC94=
6,-11,ngTOdJ/uxV2ZOI+HZPCmM8fuOaM=,JWAVAjfvsNjD+JOF0aQNXMPD6A8=
6,-12,ngTOdJ/uxV2ZOI+HZPCmM8fuOaM=,JWAVAjfvsNjD+JOF0aQNXMPD6A8=
6,-13,ngTOdJ/uxV2ZOI+HZPCmM8fuOaM=,eejpVWPCumEx26o85ypY5rNPC94=
8,-11,SftAwL/yS8rgVEInGQwUo6WHK4E=,WARSzJuTtumzw64RKB01d76E8Iw=
9,-11,SftAwL/yS8rgVEInGQwUo6WHK4E=,WARSzJuTtumzw64RKB01d76E8Iw=
11,-12,SftAwL/yS8rgVEInGQwUo6WHK4E=,WARSzJuTtumzw64RKB01d76E8Iw=
10,-12,SftAwL/yS8rgVEInGQwUo6WHK4E=,WARSzJuTtumzw64RKB01d76E8Iw=
10,-14,SftAwL/yS8rgVEInGQwUo6WHK4E=,GmHwB5CzAilqL/WjPRKQW0g43Js=
10,-13,SftAwL/yS8rgVEInGQwUo6WHK4E=,GmHwB5CzAilqL/WjPRKQW0g43Js=
11,-13,SftAwL/yS8rgVEInGQwUo6WHK4E=,GmHwB5CzAilqL/WjPRKQW0g43Js=
11,-11,SftAwL/yS8rgVEInGQwUo6WHK4E=,WARSzJuTtumzw64RKB01d76E8Iw=
12,-12,SftAwL/yS8rgVEInGQwUo6WHK4E=,c3BCOBXPLy1SGZ4Z8k4zLrXY30c=
10,-11,SftAwL/yS8rgVEInGQwUo6WHK4E=,WARSzJuTtumzw64RKB01d76E8Iw=
12,-11,SftAwL/yS8rgVEInGQwUo6WHK4E=,c3BCOBXPLy1SGZ4Z8k4zLrXY30c=
13,-14,SftAwL/yS8rgVEInGQwUo6WHK4E=,Fncht9gf/OGXXRoZa8pR8LMU9oE=
11,-14,VZUTaUwTxFRCdUeMoD5GWnOuHGs=,GmHwB5CzAilqL/WjPRKQW0g43Js=
13,-13,VZUTaUwTxFRCdUeMoD5GWnOuHGs=,Fncht9gf/OGXXRoZa8pR8LMU9oE=
12,-14,VZUTaUwTxFRCdUeMoD5GWnOuHGs=,Fncht9gf/OGXXRoZa8pR8LMU9oE=
13,-12,VZUTaUwTxFRCdUeMoD5GWnOuHGs=,c3BCOBXPLy1SGZ4Z8k4zLrXY30c=
13,-11,VZUTaUwTxFRCdUeMoD5GWnOuHGs=,c3BCOBXPLy1SGZ4Z8k4zLrXY30c=
12,-13,VZUTaUwTxFRCdUeMoD5GWnOuHGs=,Fncht9gf/OGXXRoZa8pR8LMU9oE=
7,-10,VZUTaUwTxFRCdUeMoD5GWnOuHGs=,JWAVAjfvsNjD+JOF0aQNXMPD6A8=
13,-8,VZUTaUwTxFRCdUeMoD5GWnOuHGs=,rNWEIfIYlpTxBWju2vbF8FK3OYc=
13,-10,VZUTaUwTxFRCdUeMoD5GWnOuHGs=,c3BCOBXPLy1SGZ4Z8k4zLrXY30c=
13,-9,VZUTaUwTxFRCdUeMoD5GWnOuHGs=,c3BCOBXPLy1SGZ4Z8k4zLrXY30c=
7,-9,t4w5do13RMJZv9kxE6EUOMIe718=,JWAVAjfvsNjD+JOF0aQNXMPD6A8=
6,-9,t4w5do13RMJZv9kxE6EUOMIe718=,JWAVAjfvsNjD+JOF0aQNXMPD6A8=
12,-9,t4w5do13RMJZv9kxE6EUOMIe718=,c3BCOBXPLy1SGZ4Z8k4zLrXY30c=
10,-9,t4w5do13RMJZv9kxE6EUOMIe718=,WARSzJuTtumzw64RKB01d76E8Iw=
6,-10,t4w5do13RMJZv9kxE6EUOMIe718=,JWAVAjfvsNjD+JOF0aQNXMPD6A8=
12,-8,t4w5do13RMJZv9kxE6EUOMIe718=,rNWEIfIYlpTxBWju2vbF8FK3OYc=
12,-10,t4w5do13RMJZv9kxE6EUOMIe718=,c3BCOBXPLy1SGZ4Z8k4zLrXY30c=
8,-10,t4w5do13RMJZv9kxE6EUOMIe718=,WARSzJuTtumzw64RKB01d76E8Iw=
13,-7,t4w5do13RMJZv9kxE6EUOMIe718=,rNWEIfIYlpTxBWju2vbF8FK3OYc=
9,-7,t4w5do13RMJZv9kxE6EUOMIe718=,KuzwH+G2WPxE6rgYDqFv82DD8l4=
12,-7,t4w5do13RMJZv9kxE6EUOMIe718=,rNWEIfIYlpTxBWju2vbF8FK3OYc=
9,-10,t4w5do13RMJZv9kxE6EUOMIe718=,WARSzJuTtumzw64RKB01d76E8Iw=
11,-8,t4w5do13RMJZv9kxE6EUOMIe718=,KuzwH+G2WPxE6rgYDqFv82DD8l4=
10,-10,t4w5do13RMJZv9kxE6EUOMIe718=,WARSzJuTtumzw64RKB01d76E8Iw=
11,-9,t4w5do13RMJZv9kxE6EUOMIe718=,WARSzJuTtumzw64RKB01d76E8Iw=
11,-10,t4w5do13RMJZv9kxE6EUOMIe718=,WARSzJuTtumzw64RKB01d76E8Iw=
11,-7,t4w5do13RMJZv9kxE6EUOMIe718=,KuzwH+G2WPxE6rgYDqFv82DD8l4=
10,-8,t4w5do13RMJZv9kxE6EUOMIe718=,KuzwH+G2WPxE6rgYDqFv82DD8l4=
9,-9,t4w5do13RMJZv9kxE6EUOMIe718=,WARSzJuTtumzw64RKB01d76E8Iw=
9,-8,t4w5do13RMJZv9kxE6EUOMIe718=,KuzwH+G2WPxE6rgYDqFv82DD8l4=
8,-8,t4w5do13RMJZv9kxE6EUOMIe718=,KuzwH+G2WPxE6rgYDqFv82DD8l4=
7,-7,t4w5do13RMJZv9kxE6EUOMIe718=,/ITe3UZZaLlZmY3OfwOhJPJtO5k=
8,-9,t4w5do13RMJZv9kxE6EUOMIe718=,WARSzJuTtumzw64RKB01d76E8Iw=
10,-7,t4w5do13RMJZv9kxE6EUOMIe718=,KuzwH+G2WPxE6rgYDqFv82DD8l4=
6,-7,t4w5do13RMJZv9kxE6EUOMIe718=,/ITe3UZZaLlZmY3OfwOhJPJtO5k=
7,-8,uBZ3/nwK7k+BagkPGHWbJSbNoVg=,/ITe3UZZaLlZmY3OfwOhJPJtO5k=
6,-8,uBZ3/nwK7k+BagkPGHWbJSbNoVg=,/ITe3UZZaLlZmY3OfwOhJPJtO5k=
7,-5,uBZ3/nwK7k+BagkPGHWbJSbNoVg=,/ITe3UZZaLlZmY3OfwOhJPJtO5k=
8,-7,uBZ3/nwK7k+BagkPGHWbJSbNoVg=,KuzwH+G2WPxE6rgYDqFv82DD8l4=
7,-3,uBZ3/nwK7k+BagkPGHWbJSbNoVg=,zsid15atDSpeeSqRX0eAWMfMGxU=
6,-4,uBZ3/nwK7k+BagkPGHWbJSbNoVg=,zsid15atDSpeeSqRX0eAWMfMGxU=
8,-4,uBZ3/nwK7k+BagkPGHWbJSbNoVg=,2/8GcYnwg5RTc342chXUa22ywsQ=
6,-3,uBZ3/nwK7k+BagkPGHWbJSbNoVg=,zsid15atDSpeeSqRX0eAWMfMGxU=
8,-6,uBZ3/nwK7k+BagkPGHWbJSbNoVg=,KuzwH+G2WPxE6rgYDqFv82DD8l4=
9,-4,uBZ3/nwK7k+BagkPGHWbJSbNoVg=,2/8GcYnwg5RTc342chXUa22ywsQ=
7,-4,uBZ3/nwK7k+BagkPGHWbJSbNoVg=,zsid15atDSpeeSqRX0eAWMfMGxU=
9,-5,uBZ3/nwK7k+BagkPGHWbJSbNoVg=,KuzwH+G2WPxE6rgYDqFv82DD8l4=
8,-5,uBZ3/nwK7k+BagkPGHWbJSbNoVg=,KuzwH+G2WPxE6rgYDqFv82DD8l4=
9,-6,uBZ3/nwK7k+BagkPGHWbJSbNoVg=,KuzwH+G2WPxE6rgYDqFv82DD8l4=
9,-3,uBZ3/nwK7k+BagkPGHWbJSbNoVg=,2/8GcYnwg5RTc342chXUa22ywsQ=
8,-3,uBZ3/nwK7k+BagkPGHWbJSbNoVg=,2/8GcYnwg5RTc342chXUa22ywsQ=
7,-6,uBZ3/nwK7k+BagkPGHWbJSbNoVg=,/ITe3UZZaLlZmY3OfwOhJPJtO5k=
6,-6,uBZ3/nwK7k+BagkPGHWbJSbNoVg=,/ITe3UZZaLlZmY3OfwOhJPJtO5k=
6,-5,uBZ3/nwK7k+BagkPGHWbJSbNoVg=,/ITe3UZZaLlZmY3OfwOhJPJtO5k=
5,-16,OXyo7AdnLEnVBNBltV1wjSMslPc=,eejpVWPCumEx26o85ypY5rNPC94=
5,-15,OXyo7AdnLEnVBNBltV1wjSMslPc=,eejpVWPCumEx26o85ypY5rNPC94=
9,-16,OXyo7AdnLEnVBNBltV1wjSMslPc=,GmHwB5CzAilqL/WjPRKQW0g43Js=
6,-16,OXyo7AdnLEnVBNBltV1wjSMslPc=,eejpVWPCumEx26o85ypY5rNPC94=
8,-15,OXyo7AdnLEnVBNBltV1wjSMslPc=,GmHwB5CzAilqL/WjPRKQW0g43Js=
10,-5,OXyo7AdnLEnVBNBltV1wjSMslPc=,KuzwH+G2WPxE6rgYDqFv82DD8l4=
6,-15,OXyo7AdnLEnVBNBltV1wjSMslPc=,eejpVWPCumEx26o85ypY5rNPC94=
2,-16,OXyo7AdnLEnVBNBltV1wjSMslPc=,udoQzgpCqoPl+aL4+r2kVuqGYHk=
4,-15,OXyo7AdnLEnVBNBltV1wjSMslPc=,eejpVWPCumEx26o85ypY5rNPC94=
11,-16,OXyo7AdnLEnVBNBltV1wjSMslPc=,GmHwB5CzAilqL/WjPRKQW0g43Js=
9,-15,OXyo7AdnLEnVBNBltV1wjSMslPc=,GmHwB5CzAilqL/WjPRKQW0g43Js=
10,-6,OXyo7AdnLEnVBNBltV1wjSMslPc=,KuzwH+G2WPxE6rgYDqFv82DD8l4=
7,-15,OXyo7AdnLEnVBNBltV1wjSMslPc=,eejpVWPCumEx26o85ypY5rNPC94=
14,-16,OXyo7AdnLEnVBNBltV1wjSMslPc=,Fncht9gf/OGXXRoZa8pR8LMU9oE=
7,-16,OXyo7AdnLEnVBNBltV1wjSMslPc=,eejpVWPCumEx26o85ypY5rNPC94=
15,-13,OXyo7AdnLEnVBNBltV1wjSMslPc=,Fncht9gf/OGXXRoZa8pR8LMU9oE=
13,-16,OXyo7AdnLEnVBNBltV1wjSMslPc=,Fncht9gf/OGXXRoZa8pR8LMU9oE=
15,-14,OXyo7AdnLEnVBNBltV1wjSMslPc=,Fncht9gf/OGXXRoZa8pR8LMU9oE=
11,-6,OXyo7AdnLEnVBNBltV1wjSMslPc=,KuzwH+G2WPxE6rgYDqFv82DD8l4=
12,-16,OXyo7AdnLEnVBNBltV1wjSMslPc=,Fncht9gf/OGXXRoZa8pR8LMU9oE=
14,-13,+Zc7imu2JcGQmVMT+jV2jOZUx4o=,Fncht9gf/OGXXRoZa8pR8LMU9oE=
3,-16,+Zc7imu2JcGQmVMT+jV2jOZUx4o=,udoQzgpCqoPl+aL4+r2kVuqGYHk=
11,-1,+Zc7imu2JcGQmVMT+jV2jOZUx4o=,2/8GcYnwg5RTc342chXUa22ywsQ=
10,-16,+Zc7imu2JcGQmVMT+jV2jOZUx4o=,GmHwB5CzAilqL/WjPRKQW0g43Js=
14,-14,+Zc7imu2JcGQmVMT+jV2jOZUx4o=,Fncht9gf/OGXXRoZa8pR8LMU9oE=
11,-2,+Zc7imu2JcGQmVMT+jV2jOZUx4o=,2/8GcYnwg5RTc342chXUa22ywsQ=
15,-11,+Zc7imu2JcGQmVMT+jV2jOZUx4o=,c3BCOBXPLy1SGZ4Z8k4zLrXY30c=
8,-16,+Zc7imu2JcGQmVMT+jV2jOZUx4o=,GmHwB5CzAilqL/WjPRKQW0g43Js=
15,-10,+Zc7imu2JcGQmVMT+jV2jOZUx4o=,c3BCOBXPLy1SGZ4Z8k4zLrXY30c=
11,-15,+Zc7imu2JcGQmVMT+jV2jOZUx4o=,GmHwB5CzAilqL/WjPRKQW0g43Js=
15,-9,+Zc7imu2JcGQmVMT+jV2jOZUx4o=,c3BCOBXPLy1SGZ4Z8k4zLrXY30c=
15,-8,+Zc7imu2JcGQmVMT+jV2jOZUx4o=,rNWEIfIYlpTxBWju2vbF8FK3OYc=
11,-4,+Zc7imu2JcGQmVMT+jV2jOZUx4o=,2/8GcYnwg5RTc342chXUa22ywsQ=
4,-16,+Zc7imu2JcGQmVMT+jV2jOZUx4o=,eejpVWPCumEx26o85ypY5rNPC94=
13,-15,+Zc7imu2JcGQmVMT+jV2jOZUx4o=,Fncht9gf/OGXXRoZa8pR8LMU9oE=
2,-15,+Zc7imu2JcGQmVMT+jV2jOZUx4o=,udoQzgpCqoPl+aL4+r2kVuqGYHk=
10,-1,+Zc7imu2JcGQmVMT+jV2jOZUx4o=,2/8GcYnwg5RTc342chXUa22ywsQ=
15,-12,+Zc7imu2JcGQmVMT+jV2jOZUx4o=,c3BCOBXPLy1SGZ4Z8k4zLrXY30c=
15,-7,+Zc7imu2JcGQmVMT+jV2jOZUx4o=,rNWEIfIYlpTxBWju2vbF8FK3OYc=
3,-15,+Zc7imu2JcGQmVMT+jV2jOZUx4o=,udoQzgpCqoPl+aL4+r2kVuqGYHk=
15,-16,+Zc7imu2JcGQmVMT+jV2jOZUx4o=,Fncht9gf/OGXXRoZa8pR8LMU9oE=
14,-15,+Zc7imu2JcGQmVMT+jV2jOZUx4o=,Fncht9gf/OGXXRoZa8pR8LMU9oE=
15,-15,+Zc7imu2JcGQmVMT+jV2jOZUx4o=,Fncht9gf/OGXXRoZa8pR8LMU9oE=
12,-15,+Zc7imu2JcGQmVMT+jV2jOZUx4o=,Fncht9gf/OGXXRoZa8pR8LMU9oE=
14,-7,+Zc7imu2JcGQmVMT+jV2jOZUx4o=,rNWEIfIYlpTxBWju2vbF8FK3OYc=
10,-3,+Zc7imu2JcGQmVMT+jV2jOZUx4o=,2/8GcYnwg5RTc342chXUa22ywsQ=
10,-15,+Zc7imu2JcGQmVMT+jV2jOZUx4o=,GmHwB5CzAilqL/WjPRKQW0g43Js=
11,-5,+Zc7imu2JcGQmVMT+jV2jOZUx4o=,KuzwH+G2WPxE6rgYDqFv82DD8l4=
14,-10,+Zc7imu2JcGQmVMT+jV2jOZUx4o=,c3BCOBXPLy1SGZ4Z8k4zLrXY30c=
14,-8,+Zc7imu2JcGQmVMT+jV2jOZUx4o=,rNWEIfIYlpTxBWju2vbF8FK3OYc=
10,-2,+Zc7imu2JcGQmVMT+jV2jOZUx4o=,2/8GcYnwg5RTc342chXUa22ywsQ=
14,-11,+Zc7imu2JcGQmVMT+jV2jOZUx4o=,c3BCOBXPLy1SGZ4Z8k4zLrXY30c=
14,-9,+Zc7imu2JcGQmVMT+jV2jOZUx4o=,c3BCOBXPLy1SGZ4Z8k4zLrXY30c=
12,-6,+Zc7imu2JcGQmVMT+jV2jOZUx4o=,rNWEIfIYlpTxBWju2vbF8FK3OYc=
10,-4,+Zc7imu2JcGQmVMT+jV2jOZUx4o=,2/8GcYnwg5RTc342chXUa22ywsQ=
11,-3,Q+aQ+qclR7aSV95VsPEb0fRnU2w=,2/8GcYnwg5RTc342chXUa22ywsQ=
13,-5,Q+aQ+qclR7aSV95VsPEb0fRnU2w=,rNWEIfIYlpTxBWju2vbF8FK3OYc=
13,-3,Q+aQ+qclR7aSV95VsPEb0fRnU2w=,2/koGX2Nu0NWIUksEkMKMlEWf08=
14,-12,Q+aQ+qclR7aSV95VsPEb0fRnU2w=,c3BCOBXPLy1SGZ4Z8k4zLrXY30c=
15,-1,Q+aQ+qclR7aSV95VsPEb0fRnU2w=,2/koGX2Nu0NWIUksEkMKMlEWf08=
14,-6,Q+aQ+qclR7aSV95VsPEb0fRnU2w=,rNWEIfIYlpTxBWju2vbF8FK3OYc=
13,-6,Q+aQ+qclR7aSV95VsPEb0fRnU2w=,rNWEIfIYlpTxBWju2vbF8FK3OYc=
14,-1,Q+aQ+qclR7aSV95VsPEb0fRnU2w=,2/koGX2Nu0NWIUksEkMKMlEWf08=
15,-6,Q+aQ+qclR7aSV95VsPEb0fRnU2w=,rNWEIfIYlpTxBWju2vbF8FK3OYc=
13,-1,Q+aQ+qclR7aSV95VsPEb0fRnU2w=,2/koGX2Nu0NWIUksEkMKMlEWf08=
14,-2,Q+aQ+qclR7aSV95VsPEb0fRnU2w=,2/koGX2Nu0NWIUksEkMKMlEWf08=
15,-2,Q+aQ+qclR7aSV95VsPEb0fRnU2w=,2/koGX2Nu0NWIUksEkMKMlEWf08=
12,-1,Q+aQ+qclR7aSV95VsPEb0fRnU2w=,2/koGX2Nu0NWIUksEkMKMlEWf08=
14,-4,Q+aQ+qclR7aSV95VsPEb0fRnU2w=,2/koGX2Nu0NWIUksEkMKMlEWf08=
12,-3,Q+aQ+qclR7aSV95VsPEb0fRnU2w=,2/koGX2Nu0NWIUksEkMKMlEWf08=
15,-4,Q+aQ+qclR7aSV95VsPEb0fRnU2w=,2/koGX2Nu0NWIUksEkMKMlEWf08=
12,-4,Q+aQ+qclR7aSV95VsPEb0fRnU2w=,2/koGX2Nu0NWIUksEkMKMlEWf08=
14,-5,Q+aQ+qclR7aSV95VsPEb0fRnU2w=,rNWEIfIYlpTxBWju2vbF8FK3OYc=
13,-2,Q+aQ+qclR7aSV95VsPEb0fRnU2w=,2/koGX2Nu0NWIUksEkMKMlEWf08=
13,-4,Q+aQ+qclR7aSV95VsPEb0fRnU2w=,2/koGX2Nu0NWIUksEkMKMlEWf08=
15,-5,Q+aQ+qclR7aSV95VsPEb0fRnU2w=,rNWEIfIYlpTxBWju2vbF8FK3OYc=
12,-5,Q+aQ+qclR7aSV95VsPEb0fRnU2w=,rNWEIfIYlpTxBWju2vbF8FK3OYc=
14,-3,Q+aQ+qclR7aSV95VsPEb0fRnU2w=,2/koGX2Nu0NWIUksEkMKMlEWf08=
12,-2,Q+aQ+qclR7aSV95VsPEb0fRnU2w=,2/koGX2Nu0NWIUksEkMKMlEWf08=
15,-3,Q+aQ+qclR7aSV95VsPEb0fRnU2w=,2/koGX2Nu0NWIUksEkMKMlEWf08=
0,-12,auUdJ6Nnby2Vx+5YA9jY+hYMM5s=,AyNQTpVd6wpJYopcSBUtD78mYlU=
1,-14,auUdJ6Nnby2Vx+5YA9jY+hYMM5s=,udoQzgpCqoPl+aL4+r2kVuqGYHk=
1,-11,auUdJ6Nnby2Vx+5YA9jY+hYMM5s=,AyNQTpVd6wpJYopcSBUtD78mYlU=
0,-13,auUdJ6Nnby2Vx+5YA9jY+hYMM5s=,udoQzgpCqoPl+aL4+r2kVuqGYHk=
1,-12,auUdJ6Nnby2Vx+5YA9jY+hYMM5s=,AyNQTpVd6wpJYopcSBUtD78mYlU=
0,-11,auUdJ6Nnby2Vx+5YA9jY+hYMM5s=,AyNQTpVd6wpJYopcSBUtD78mYlU=
1,-13,auUdJ6Nnby2Vx+5YA9jY+hYMM5s=,udoQzgpCqoPl+aL4+r2kVuqGYHk=
0,-14,auUdJ6Nnby2Vx+5YA9jY+hYMM5s=,udoQzgpCqoPl+aL4+r2kVuqGYHk=
0,-9,auUdJ6Nnby2Vx+5YA9jY+hYMM5s=,AyNQTpVd6wpJYopcSBUtD78mYlU=
0,-10,auUdJ6Nnby2Vx+5YA9jY+hYMM5s=,AyNQTpVd6wpJYopcSBUtD78mYlU=
0,-7,auUdJ6Nnby2Vx+5YA9jY+hYMM5s=,SMGoK3UbBrevwpZr7Ti5p2Ke9N4=
0,-16,auUdJ6Nnby2Vx+5YA9jY+hYMM5s=,udoQzgpCqoPl+aL4+r2kVuqGYHk=
1,-9,auUdJ6Nnby2Vx+5YA9jY+hYMM5s=,AyNQTpVd6wpJYopcSBUtD78mYlU=
1,-10,auUdJ6Nnby2Vx+5YA9jY+hYMM5s=,AyNQTpVd6wpJYopcSBUtD78mYlU=
0,-8,auUdJ6Nnby2Vx+5YA9jY+hYMM5s=,SMGoK3UbBrevwpZr7Ti5p2Ke9N4=
0,-15,auUdJ6Nnby2Vx+5YA9jY+hYMM5s=,udoQzgpCqoPl+aL4+r2kVuqGYHk=
3,-2,auUdJ6Nnby2Vx+5YA9jY+hYMM5s=,+D5ANDurV24W9b3fMBGZHnzu030=
0,-6,auUdJ6Nnby2Vx+5YA9jY+hYMM5s=,SMGoK3UbBrevwpZr7Ti5p2Ke9N4=
1,-7,JB2n/kwaXQCAO0oaHafuMGzdxH8=,SMGoK3UbBrevwpZr7Ti5p2Ke9N4=
1,-8,JB2n/kwaXQCAO0oaHafuMGzdxH8=,SMGoK3UbBrevwpZr7Ti5p2Ke9N4=
1,-5,JB2n/kwaXQCAO0oaHafuMGzdxH8=,SMGoK3UbBrevwpZr7Ti5p2Ke9N4=
1,-16,JB2n/kwaXQCAO0oaHafuMGzdxH8=,udoQzgpCqoPl+aL4+r2kVuqGYHk=
2,-1,JB2n/kwaXQCAO0oaHafuMGzdxH8=,+D5ANDurV24W9b3fMBGZHnzu030=
0,-4,JB2n/kwaXQCAO0oaHafuMGzdxH8=,+D5ANDurV24W9b3fMBGZHnzu030=
2,-2,JB2n/kwaXQCAO0oaHafuMGzdxH8=,+D5ANDurV24W9b3fMBGZHnzu030=
1,-6,JB2n/kwaXQCAO0oaHafuMGzdxH8=,SMGoK3UbBrevwpZr7Ti5p2Ke9N4=
1,-15,JB2n/kwaXQCAO0oaHafuMGzdxH8=,udoQzgpCqoPl+aL4+r2kVuqGYHk=
0,-1,JB2n/kwaXQCAO0oaHafuMGzdxH8=,+D5ANDurV24W9b3fMBGZHnzu030=
3,-1,JB2n/kwaXQCAO0oaHafuMGzdxH8=,+D5ANDurV24W9b3fMBGZHnzu030=
0,-5,JB2n/kwaXQCAO0oaHafuMGzdxH8=,SMGoK3UbBrevwpZr7Ti5p2Ke9N4=
0,-2,JB2n/kwaXQCAO0oaHafuMGzdxH8=,+D5ANDurV24W9b3fMBGZHnzu030=
7,-1,JB2n/kwaXQCAO0oaHafuMGzdxH8=,zsid15atDSpeeSqRX0eAWMfMGxU=
1,-2,JB2n/kwaXQCAO0oaHafuMGzdxH8=,+D5ANDurV24W9b3fMBGZHnzu030=
8,-1,JB2n/kwaXQCAO0oaHafuMGzdxH8=,2/8GcYnwg5RTc342chXUa22ywsQ=
0,-3,JB2n/kwaXQCAO0oaHafuMGzdxH8=,+D5ANDurV24W9b3fMBGZHnzu030=
1,-3,JB2n/kwaXQCAO0oaHafuMGzdxH8=,+D5ANDurV24W9b3fMBGZHnzu030=
7,-2,JB2n/kwaXQCAO0oaHafuMGzdxH8=,zsid15atDSpeeSqRX0eAWMfMGxU=
6,-1,JB2n/kwaXQCAO0oaHafuMGzdxH8=,zsid15atDSpeeSqRX0eAWMfMGxU=
9,-1,JB2n/kwaXQCAO0oaHafuMGzdxH8=,2/8GcYnwg5RTc342chXUa22ywsQ=
1,-1,JB2n/kwaXQCAO0oaHafuMGzdxH8=,+D5ANDurV24W9b3fMBGZHnzu030=
4,-1,JB2n/kwaXQCAO0oaHafuMGzdxH8=,zsid15atDSpeeSqRX0eAWMfMGxU=
6,-2,JB2n/kwaXQCAO0oaHafuMGzdxH8=,zsid15atDSpeeSqRX0eAWMfMGxU=
5,-1,JB2n/kwaXQCAO0oaHafuMGzdxH8=,zsid15atDSpeeSqRX0eAWMfMGxU=
8,-2,JB2n/kwaXQCAO0oaHafuMGzdxH8=,2/8GcYnwg5RTc342chXUa22ywsQ=
4,-2,JB2n/kwaXQCAO0oaHafuMGzdxH8=,zsid15atDSpeeSqRX0eAWMfMGxU=
9,-2,JB2n/kwaXQCAO0oaHafuMGzdxH8=,2/8GcYnwg5RTc342chXUa22ywsQ=
1,-4,JB2n/kwaXQCAO0oaHafuMGzdxH8=,+D5ANDurV24W9b3fMBGZHnzu030=
5,-2,JB2n/kwaXQCAO0oaHafuMGzdxH8=,zsid15atDSpeeSqRX0eAWMfMGxU=
