-2,-34,FGK7BHj5XDQyAl1Ulw2nLmPQeGI=,NwWHWw8NR5sXujyfEkYBJivq1Dk=
-7,-38,FGK7BHj5XDQyAl1Ulw2nLmPQeGI=,NwWHWw8NR5sXujyfEkYBJivq1Dk=
-5,-36,FGK7BHj5XDQyAl1Ulw2nLmPQeGI=,NwWHWw8NR5sXujyfEkYBJivq1Dk=
-5,-37,FGK7BHj5XDQyAl1Ulw2nLmPQeGI=,NwWHWw8NR5sXujyfEkYBJivq1Dk=
-6,-36,FGK7BHj5XDQyAl1Ulw2nLmPQeGI=,NwWHWw8NR5sXujyfEkYBJivq1Dk=
-7,-36,FGK7BHj5XDQyAl1Ulw2nLmPQeGI=,NwWHWw8NR5sXujyfEkYBJivq1Dk=
-8,-36,g1UMXKLa9gBlhp6t7+C2ob4MJGU=,NwWHWw8NR5sXujyfEkYBJivq1Dk=
-3,-39,g1UMXKLa9gBlhp6t7+C2ob4MJGU=,NwWHWw8NR5sXujyfEkYBJivq1Dk=
-3,-35,g1UMXKLa9gBlhp6t7+C2ob4MJGU=,NwWHWw8NR5sXujyfEkYBJivq1Dk=
-5,-39,g1UMXKLa9gBlhp6t7+C2ob4MJGU=,NwWHWw8NR5sXujyfEkYBJivq1Dk=
-2,-37,g1UMXKLa9gBlhp6t7+C2ob4MJGU=,NwWHWw8NR5sXujyfEkYBJivq1Dk=
-3,-34,g1UMXKLa9gBlhp6t7+C2ob4MJGU=,NwWHWw8NR5sXujyfEkYBJivq1Dk=
-6,-39,g1UMXKLa9gBlhp6t7+C2ob4MJGU=,NwWHWw8NR5sXujyfEkYBJivq1Dk=
-3,-37,g1UMXKLa9gBlhp6t7+C2ob4MJGU=,NwWHWw8NR5sXujyfEkYBJivq1Dk=
-6,-37,g1UMXKLa9gBlhp6t7+C2ob4MJGU=,NwWHWw8NR5sXujyfEkYBJivq1Dk=
-7,-37,g1UMXKLa9gBlhp6t7+C2ob4MJGU=,NwWHWw8NR5sXujyfEkYBJivq1Dk=
-4,-34,AWnklzCkCgNtJvdhBjPvCupJ3TE=,NwWHWw8NR5sXujyfEkYBJivq1Dk=
-4,-35,AWnklzCkCgNtJvdhBjPvCupJ3TE=,NwWHWw8NR5sXujyfEkYBJivq1Dk=
-5,-34,AWnklzCkCgNtJvdhBjPvCupJ3TE=,NwWHWw8NR5sXujyfEkYBJivq1Dk=
-8,-37,AWnklzCkCgNtJvdhBjPvCupJ3TE=,NwWHWw8NR5sXujyfEkYBJivq1Dk=
-4,-37,AWnklzCkCgNtJvdhBjPvCupJ3TE=,NwWHWw8NR5sXujyfEkYBJivq1Dk=
-4,-39,AWnklzCkCgNtJvdhBjPvCupJ3TE=,NwWHWw8NR5sXujyfEkYBJivq1Dk=
-6,-34,AWnklzCkCgNtJvdhBjPvCupJ3TE=,NwWHWw8NR5sXujyfEkYBJivq1Dk=
-2,-38,AWnklzCkCgNtJvdhBjPvCupJ3TE=,NwWHWw8NR5sXujyfEkYBJivq1Dk=
-6,-38,AWnklzCkCgNtJvdhBjPvCupJ3TE=,NwWHWw8NR5sXujyfEkYBJivq1Dk=
-8,-38,AWnklzCkCgNtJvdhBjPvCupJ3TE=,NwWHWw8NR5sXujyfEkYBJivq1Dk=
-3,-38,AWnklzCkCgNtJvdhBjPvCupJ3TE=,NwWHWw8NR5sXujyfEkYBJivq1Dk=
-5,-35,AWnklzCkCgNtJvdhBjPvCupJ3TE=,NwWHWw8NR5sXujyfEkYBJivq1Dk=
-8,-35,AWnklzCkCgNtJvdhBjPvCupJ3TE=,NwWHWw8NR5sXujyfEkYBJivq1Dk=
-7,-39,AWnklzCkCgNtJvdhBjPvCupJ3TE=,NwWHWw8NR5sXujyfEkYBJivq1Dk=
-2,-39,AWnklzCkCgNtJvdhBjPvCupJ3TE=,NwWHWw8NR5sXujyfEkYBJivq1Dk=
-7,-34,AWnklzCkCgNtJvdhBjPvCupJ3TE=,NwWHWw8NR5sXujyfEkYBJivq1Dk=
-8,-39,AWnklzCkCgNtJvdhBjPvCupJ3TE=,NwWHWw8NR5sXujyfEkYBJivq1Dk=
-2,-36,AWnklzCkCgNtJvdhBjPvCupJ3TE=,NwWHWw8NR5sXujyfEkYBJivq1Dk=
-8,-34,AWnklzCkCgNtJvdhBjPvCupJ3TE=,NwWHWw8NR5sXujyfEkYBJivq1Dk=
-3,-36,AWnklzCkCgNtJvdhBjPvCupJ3TE=,NwWHWw8NR5sXujyfEkYBJivq1Dk=
-2,-35,AWnklzCkCgNtJvdhBjPvCupJ3TE=,NwWHWw8NR5sXujyfEkYBJivq1Dk=
-4,-36,AWnklzCkCgNtJvdhBjPvCupJ3TE=,NwWHWw8NR5sXujyfEkYBJivq1Dk=
-4,-38,AWnklzCkCgNtJvdhBjPvCupJ3TE=,NwWHWw8NR5sXujyfEkYBJivq1Dk=
-7,-35,AWnklzCkCgNtJvdhBjPvCupJ3TE=,NwWHWw8NR5sXujyfEkYBJivq1Dk=
-6,-35,AWnklzCkCgNtJvdhBjPvCupJ3TE=,NwWHWw8NR5sXujyfEkYBJivq1Dk=
-5,-38,AWnklzCkCgNtJvdhBjPvCupJ3TE=,NwWHWw8NR5sXujyfEkYBJivq1Dk=
-7,-47,AWnklzCkCgNtJvdhBjPvCupJ3TE=,YA9Pl0RWymufwQJcUGxehj8uIDc=
-6,-47,AWnklzCkCgNtJvdhBjPvCupJ3TE=,YA9Pl0RWymufwQJcUGxehj8uIDc=
-5,-47,AWnklzCkCgNtJvdhBjPvCupJ3TE=,YA9Pl0RWymufwQJcUGxehj8uIDc=
-4,-47,AWnklzCkCgNtJvdhBjPvCupJ3TE=,YA9Pl0RWymufwQJcUGxehj8uIDc=
-4,-40,AWnklzCkCgNtJvdhBjPvCupJ3TE=,NwWHWw8NR5sXujyfEkYBJivq1Dk=
-3,-40,AWnklzCkCgNtJvdhBjPvCupJ3TE=,NwWHWw8NR5sXujyfEkYBJivq1Dk=
-2,-47,AWnklzCkCgNtJvdhBjPvCupJ3TE=,YA9Pl0RWymufwQJcUGxehj8uIDc=
-7,-46,AWnklzCkCgNtJvdhBjPvCupJ3TE=,YA9Pl0RWymufwQJcUGxehj8uIDc=
-6,-46,AWnklzCkCgNtJvdhBjPvCupJ3TE=,YA9Pl0RWymufwQJcUGxehj8uIDc=
-5,-46,AWnklzCkCgNtJvdhBjPvCupJ3TE=,YA9Pl0RWymufwQJcUGxehj8uIDc=
-4,-46,AWnklzCkCgNtJvdhBjPvCupJ3TE=,YA9Pl0RWymufwQJcUGxehj8uIDc=
-3,-46,AWnklzCkCgNtJvdhBjPvCupJ3TE=,YA9Pl0RWymufwQJcUGxehj8uIDc=
-2,-40,AWnklzCkCgNtJvdhBjPvCupJ3TE=,NwWHWw8NR5sXujyfEkYBJivq1Dk=
-2,-46,AWnklzCkCgNtJvdhBjPvCupJ3TE=,YA9Pl0RWymufwQJcUGxehj8uIDc=
-7,-45,AWnklzCkCgNtJvdhBjPvCupJ3TE=,YA9Pl0RWymufwQJcUGxehj8uIDc=
-6,-45,AWnklzCkCgNtJvdhBjPvCupJ3TE=,YA9Pl0RWymufwQJcUGxehj8uIDc=
-5,-45,AWnklzCkCgNtJvdhBjPvCupJ3TE=,YA9Pl0RWymufwQJcUGxehj8uIDc=
-4,-45,AWnklzCkCgNtJvdhBjPvCupJ3TE=,YA9Pl0RWymufwQJcUGxehj8uIDc=
-3,-45,AWnklzCkCgNtJvdhBjPvCupJ3TE=,YA9Pl0RWymufwQJcUGxehj8uIDc=
-5,-40,AWnklzCkCgNtJvdhBjPvCupJ3TE=,NwWHWw8NR5sXujyfEkYBJivq1Dk=
-2,-45,AWnklzCkCgNtJvdhBjPvCupJ3TE=,YA9Pl0RWymufwQJcUGxehj8uIDc=
-7,-44,AWnklzCkCgNtJvdhBjPvCupJ3TE=,YA9Pl0RWymufwQJcUGxehj8uIDc=
-3,-41,AWnklzCkCgNtJvdhBjPvCupJ3TE=,YA9Pl0RWymufwQJcUGxehj8uIDc=
-6,-44,AWnklzCkCgNtJvdhBjPvCupJ3TE=,YA9Pl0RWymufwQJcUGxehj8uIDc=
-4,-41,AWnklzCkCgNtJvdhBjPvCupJ3TE=,YA9Pl0RWymufwQJcUGxehj8uIDc=
-5,-44,AWnklzCkCgNtJvdhBjPvCupJ3TE=,YA9Pl0RWymufwQJcUGxehj8uIDc=
-5,-41,AWnklzCkCgNtJvdhBjPvCupJ3TE=,YA9Pl0RWymufwQJcUGxehj8uIDc=
-4,-44,AWnklzCkCgNtJvdhBjPvCupJ3TE=,YA9Pl0RWymufwQJcUGxehj8uIDc=
-6,-41,AWnklzCkCgNtJvdhBjPvCupJ3TE=,YA9Pl0RWymufwQJcUGxehj8uIDc=
-3,-44,AWnklzCkCgNtJvdhBjPvCupJ3TE=,YA9Pl0RWymufwQJcUGxehj8uIDc=
-7,-41,AWnklzCkCgNtJvdhBjPvCupJ3TE=,YA9Pl0RWymufwQJcUGxehj8uIDc=
-2,-44,AWnklzCkCgNtJvdhBjPvCupJ3TE=,YA9Pl0RWymufwQJcUGxehj8uIDc=
-2,-42,AWnklzCkCgNtJvdhBjPvCupJ3TE=,YA9Pl0RWymufwQJcUGxehj8uIDc=
-3,-42,AWnklzCkCgNtJvdhBjPvCupJ3TE=,YA9Pl0RWymufwQJcUGxehj8uIDc=
-6,-40,AWnklzCkCgNtJvdhBjPvCupJ3TE=,NwWHWw8NR5sXujyfEkYBJivq1Dk=
-4,-42,AWnklzCkCgNtJvdhBjPvCupJ3TE=,YA9Pl0RWymufwQJcUGxehj8uIDc=
-5,-42,AWnklzCkCgNtJvdhBjPvCupJ3TE=,YA9Pl0RWymufwQJcUGxehj8uIDc=
-6,-42,AWnklzCkCgNtJvdhBjPvCupJ3TE=,YA9Pl0RWymufwQJcUGxehj8uIDc=
-7,-42,AWnklzCkCgNtJvdhBjPvCupJ3TE=,YA9Pl0RWymufwQJcUGxehj8uIDc=
-7,-43,AWnklzCkCgNtJvdhBjPvCupJ3TE=,YA9Pl0RWymufwQJcUGxehj8uIDc=
-6,-43,AWnklzCkCgNtJvdhBjPvCupJ3TE=,YA9Pl0RWymufwQJcUGxehj8uIDc=
-5,-43,AWnklzCkCgNtJvdhBjPvCupJ3TE=,YA9Pl0RWymufwQJcUGxehj8uIDc=
-7,-40,AWnklzCkCgNtJvdhBjPvCupJ3TE=,NwWHWw8NR5sXujyfEkYBJivq1Dk=
-3,-43,AWnklzCkCgNtJvdhBjPvCupJ3TE=,YA9Pl0RWymufwQJcUGxehj8uIDc=
-4,-43,AWnklzCkCgNtJvdhBjPvCupJ3TE=,YA9Pl0RWymufwQJcUGxehj8uIDc=
-2,-43,AWnklzCkCgNtJvdhBjPvCupJ3TE=,YA9Pl0RWymufwQJcUGxehj8uIDc=
-2,-41,AWnklzCkCgNtJvdhBjPvCupJ3TE=,YA9Pl0RWymufwQJcUGxehj8uIDc=
-8,-47,AWnklzCkCgNtJvdhBjPvCupJ3TE=,YA9Pl0RWymufwQJcUGxehj8uIDc=
-10,-47,AWnklzCkCgNtJvdhBjPvCupJ3TE=,xihFrT04+zTdtjcfWUOw9Q42c14=
-9,-47,AWnklzCkCgNtJvdhBjPvCupJ3TE=,xihFrT04+zTdtjcfWUOw9Q42c14=
-12,-46,AWnklzCkCgNtJvdhBjPvCupJ3TE=,xihFrT04+zTdtjcfWUOw9Q42c14=
-11,-46,AWnklzCkCgNtJvdhBjPvCupJ3TE=,xihFrT04+zTdtjcfWUOw9Q42c14=
-10,-46,AWnklzCkCgNtJvdhBjPvCupJ3TE=,xihFrT04+zTdtjcfWUOw9Q42c14=
-9,-46,AWnklzCkCgNtJvdhBjPvCupJ3TE=,xihFrT04+zTdtjcfWUOw9Q42c14=
-8,-46,AWnklzCkCgNtJvdhBjPvCupJ3TE=,YA9Pl0RWymufwQJcUGxehj8uIDc=
-14,-45,AWnklzCkCgNtJvdhBjPvCupJ3TE=,xihFrT04+zTdtjcfWUOw9Q42c14=
-8,-40,AWnklzCkCgNtJvdhBjPvCupJ3TE=,NwWHWw8NR5sXujyfEkYBJivq1Dk=
-13,-45,AWnklzCkCgNtJvdhBjPvCupJ3TE=,xihFrT04+zTdtjcfWUOw9Q42c14=
-12,-45,AWnklzCkCgNtJvdhBjPvCupJ3TE=,xihFrT04+zTdtjcfWUOw9Q42c14=
-11,-45,AWnklzCkCgNtJvdhBjPvCupJ3TE=,xihFrT04+zTdtjcfWUOw9Q42c14=
-10,-45,AWnklzCkCgNtJvdhBjPvCupJ3TE=,xihFrT04+zTdtjcfWUOw9Q42c14=
-9,-45,AWnklzCkCgNtJvdhBjPvCupJ3TE=,xihFrT04+zTdtjcfWUOw9Q42c14=
-15,-44,AWnklzCkCgNtJvdhBjPvCupJ3TE=,xihFrT04+zTdtjcfWUOw9Q42c14=
-14,-44,AWnklzCkCgNtJvdhBjPvCupJ3TE=,xihFrT04+zTdtjcfWUOw9Q42c14=
-13,-44,AWnklzCkCgNtJvdhBjPvCupJ3TE=,xihFrT04+zTdtjcfWUOw9Q42c14=
-8,-45,AWnklzCkCgNtJvdhBjPvCupJ3TE=,YA9Pl0RWymufwQJcUGxehj8uIDc=
-12,-44,AWnklzCkCgNtJvdhBjPvCupJ3TE=,xihFrT04+zTdtjcfWUOw9Q42c14=
-11,-44,AWnklzCkCgNtJvdhBjPvCupJ3TE=,xihFrT04+zTdtjcfWUOw9Q42c14=
-10,-44,AWnklzCkCgNtJvdhBjPvCupJ3TE=,xihFrT04+zTdtjcfWUOw9Q42c14=
-9,-44,AWnklzCkCgNtJvdhBjPvCupJ3TE=,xihFrT04+zTdtjcfWUOw9Q42c14=
-15,-43,AWnklzCkCgNtJvdhBjPvCupJ3TE=,xihFrT04+zTdtjcfWUOw9Q42c14=
-14,-43,AWnklzCkCgNtJvdhBjPvCupJ3TE=,xihFrT04+zTdtjcfWUOw9Q42c14=
-13,-43,AWnklzCkCgNtJvdhBjPvCupJ3TE=,xihFrT04+zTdtjcfWUOw9Q42c14=
-12,-43,AWnklzCkCgNtJvdhBjPvCupJ3TE=,xihFrT04+zTdtjcfWUOw9Q42c14=
-8,-44,AWnklzCkCgNtJvdhBjPvCupJ3TE=,YA9Pl0RWymufwQJcUGxehj8uIDc=
-11,-43,AWnklzCkCgNtJvdhBjPvCupJ3TE=,xihFrT04+zTdtjcfWUOw9Q42c14=
-10,-43,AWnklzCkCgNtJvdhBjPvCupJ3TE=,xihFrT04+zTdtjcfWUOw9Q42c14=
-9,-43,AWnklzCkCgNtJvdhBjPvCupJ3TE=,xihFrT04+zTdtjcfWUOw9Q42c14=
-15,-42,AWnklzCkCgNtJvdhBjPvCupJ3TE=,xihFrT04+zTdtjcfWUOw9Q42c14=
-14,-42,AWnklzCkCgNtJvdhBjPvCupJ3TE=,xihFrT04+zTdtjcfWUOw9Q42c14=
-13,-42,AWnklzCkCgNtJvdhBjPvCupJ3TE=,xihFrT04+zTdtjcfWUOw9Q42c14=
-12,-42,AWnklzCkCgNtJvdhBjPvCupJ3TE=,xihFrT04+zTdtjcfWUOw9Q42c14=
-8,-43,AWnklzCkCgNtJvdhBjPvCupJ3TE=,YA9Pl0RWymufwQJcUGxehj8uIDc=
-11,-47,AWnklzCkCgNtJvdhBjPvCupJ3TE=,xihFrT04+zTdtjcfWUOw9Q42c14=
-11,-42,AWnklzCkCgNtJvdhBjPvCupJ3TE=,xihFrT04+zTdtjcfWUOw9Q42c14=
-10,-42,AWnklzCkCgNtJvdhBjPvCupJ3TE=,xihFrT04+zTdtjcfWUOw9Q42c14=
-9,-42,AWnklzCkCgNtJvdhBjPvCupJ3TE=,xihFrT04+zTdtjcfWUOw9Q42c14=
-15,-41,AWnklzCkCgNtJvdhBjPvCupJ3TE=,xihFrT04+zTdtjcfWUOw9Q42c14=
-14,-41,AWnklzCkCgNtJvdhBjPvCupJ3TE=,xihFrT04+zTdtjcfWUOw9Q42c14=
-13,-41,AWnklzCkCgNtJvdhBjPvCupJ3TE=,xihFrT04+zTdtjcfWUOw9Q42c14=
-12,-41,AWnklzCkCgNtJvdhBjPvCupJ3TE=,xihFrT04+zTdtjcfWUOw9Q42c14=
-8,-42,AWnklzCkCgNtJvdhBjPvCupJ3TE=,YA9Pl0RWymufwQJcUGxehj8uIDc=
-8,-41,AWnklzCkCgNtJvdhBjPvCupJ3TE=,YA9Pl0RWymufwQJcUGxehj8uIDc=
-12,-47,AWnklzCkCgNtJvdhBjPvCupJ3TE=,xihFrT04+zTdtjcfWUOw9Q42c14=
-15,-48,AWnklzCkCgNtJvdhBjPvCupJ3TE=,xihFrT04+zTdtjcfWUOw9Q42c14=
-11,-41,AWnklzCkCgNtJvdhBjPvCupJ3TE=,xihFrT04+zTdtjcfWUOw9Q42c14=
-10,-41,AWnklzCkCgNtJvdhBjPvCupJ3TE=,xihFrT04+zTdtjcfWUOw9Q42c14=
-8,-48,AWnklzCkCgNtJvdhBjPvCupJ3TE=,YA9Pl0RWymufwQJcUGxehj8uIDc=
-7,-48,AWnklzCkCgNtJvdhBjPvCupJ3TE=,YA9Pl0RWymufwQJcUGxehj8uIDc=
-12,-48,AWnklzCkCgNtJvdhBjPvCupJ3TE=,xihFrT04+zTdtjcfWUOw9Q42c14=
-9,-41,AWnklzCkCgNtJvdhBjPvCupJ3TE=,xihFrT04+zTdtjcfWUOw9Q42c14=
-9,-48,AWnklzCkCgNtJvdhBjPvCupJ3TE=,xihFrT04+zTdtjcfWUOw9Q42c14=
-5,-48,AWnklzCkCgNtJvdhBjPvCupJ3TE=,YA9Pl0RWymufwQJcUGxehj8uIDc=
-6,-48,AWnklzCkCgNtJvdhBjPvCupJ3TE=,YA9Pl0RWymufwQJcUGxehj8uIDc=
-11,-48,AWnklzCkCgNtJvdhBjPvCupJ3TE=,xihFrT04+zTdtjcfWUOw9Q42c14=
-10,-48,AWnklzCkCgNtJvdhBjPvCupJ3TE=,xihFrT04+zTdtjcfWUOw9Q42c14=
-7,-33,AWnklzCkCgNtJvdhBjPvCupJ3TE=,NwWHWw8NR5sXujyfEkYBJivq1Dk=
-6,-33,AWnklzCkCgNtJvdhBjPvCupJ3TE=,NwWHWw8NR5sXujyfEkYBJivq1Dk=
-5,-33,AWnklzCkCgNtJvdhBjPvCupJ3TE=,NwWHWw8NR5sXujyfEkYBJivq1Dk=
-1,-46,AWnklzCkCgNtJvdhBjPvCupJ3TE=,YA9Pl0RWymufwQJcUGxehj8uIDc=
-4,-33,AWnklzCkCgNtJvdhBjPvCupJ3TE=,NwWHWw8NR5sXujyfEkYBJivq1Dk=
-3,-33,AWnklzCkCgNtJvdhBjPvCupJ3TE=,NwWHWw8NR5sXujyfEkYBJivq1Dk=
-2,-33,AWnklzCkCgNtJvdhBjPvCupJ3TE=,NwWHWw8NR5sXujyfEkYBJivq1Dk=
-1,-47,AWnklzCkCgNtJvdhBjPvCupJ3TE=,YA9Pl0RWymufwQJcUGxehj8uIDc=
-16,-46,AWnklzCkCgNtJvdhBjPvCupJ3TE=,xihFrT04+zTdtjcfWUOw9Q42c14=
-16,-47,AWnklzCkCgNtJvdhBjPvCupJ3TE=,xihFrT04+zTdtjcfWUOw9Q42c14=
-16,-42,AWnklzCkCgNtJvdhBjPvCupJ3TE=,xihFrT04+zTdtjcfWUOw9Q42c14=
-1,-42,AWnklzCkCgNtJvdhBjPvCupJ3TE=,YA9Pl0RWymufwQJcUGxehj8uIDc=
-4,-48,AWnklzCkCgNtJvdhBjPvCupJ3TE=,YA9Pl0RWymufwQJcUGxehj8uIDc=
-16,-45,AWnklzCkCgNtJvdhBjPvCupJ3TE=,xihFrT04+zTdtjcfWUOw9Q42c14=
-1,-48,AWnklzCkCgNtJvdhBjPvCupJ3TE=,YA9Pl0RWymufwQJcUGxehj8uIDc=
-1,-43,AWnklzCkCgNtJvdhBjPvCupJ3TE=,YA9Pl0RWymufwQJcUGxehj8uIDc=
-1,-45,AWnklzCkCgNtJvdhBjPvCupJ3TE=,YA9Pl0RWymufwQJcUGxehj8uIDc=
-3,-48,AWnklzCkCgNtJvdhBjPvCupJ3TE=,YA9Pl0RWymufwQJcUGxehj8uIDc=
-16,-48,AWnklzCkCgNtJvdhBjPvCupJ3TE=,xihFrT04+zTdtjcfWUOw9Q42c14=
-8,-33,AWnklzCkCgNtJvdhBjPvCupJ3TE=,NwWHWw8NR5sXujyfEkYBJivq1Dk=
-2,-48,AWnklzCkCgNtJvdhBjPvCupJ3TE=,YA9Pl0RWymufwQJcUGxehj8uIDc=
-15,-46,AWnklzCkCgNtJvdhBjPvCupJ3TE=,xihFrT04+zTdtjcfWUOw9Q42c14=
-3,-47,AWnklzCkCgNtJvdhBjPvCupJ3TE=,YA9Pl0RWymufwQJcUGxehj8uIDc=
-15,-47,AWnklzCkCgNtJvdhBjPvCupJ3TE=,xihFrT04+zTdtjcfWUOw9Q42c14=
-13,-46,AWnklzCkCgNtJvdhBjPvCupJ3TE=,xihFrT04+zTdtjcfWUOw9Q42c14=
-15,-45,AWnklzCkCgNtJvdhBjPvCupJ3TE=,xihFrT04+zTdtjcfWUOw9Q42c14=
-13,-48,AWnklzCkCgNtJvdhBjPvCupJ3TE=,xihFrT04+zTdtjcfWUOw9Q42c14=
-1,-44,AWnklzCkCgNtJvdhBjPvCupJ3TE=,YA9Pl0RWymufwQJcUGxehj8uIDc=
-13,-47,AWnklzCkCgNtJvdhBjPvCupJ3TE=,xihFrT04+zTdtjcfWUOw9Q42c14=
-14,-48,AWnklzCkCgNtJvdhBjPvCupJ3TE=,xihFrT04+zTdtjcfWUOw9Q42c14=
-14,-47,AWnklzCkCgNtJvdhBjPvCupJ3TE=,xihFrT04+zTdtjcfWUOw9Q42c14=
-16,-43,AWnklzCkCgNtJvdhBjPvCupJ3TE=,xihFrT04+zTdtjcfWUOw9Q42c14=
-16,-44,AWnklzCkCgNtJvdhBjPvCupJ3TE=,xihFrT04+zTdtjcfWUOw9Q42c14=
-16,-41,AWnklzCkCgNtJvdhBjPvCupJ3TE=,xihFrT04+zTdtjcfWUOw9Q42c14=
-14,-46,AWnklzCkCgNtJvdhBjPvCupJ3TE=,xihFrT04+zTdtjcfWUOw9Q42c14=
-1,-35,AWnklzCkCgNtJvdhBjPvCupJ3TE=,NwWHWw8NR5sXujyfEkYBJivq1Dk=
-1,-41,AWnklzCkCgNtJvdhBjPvCupJ3TE=,YA9Pl0RWymufwQJcUGxehj8uIDc=
-1,-37,AWnklzCkCgNtJvdhBjPvCupJ3TE=,NwWHWw8NR5sXujyfEkYBJivq1Dk=
-1,-34,AWnklzCkCgNtJvdhBjPvCupJ3TE=,NwWHWw8NR5sXujyfEkYBJivq1Dk=
-1,-39,AWnklzCkCgNtJvdhBjPvCupJ3TE=,NwWHWw8NR5sXujyfEkYBJivq1Dk=
-1,-40,AWnklzCkCgNtJvdhBjPvCupJ3TE=,NwWHWw8NR5sXujyfEkYBJivq1Dk=
-1,-36,AWnklzCkCgNtJvdhBjPvCupJ3TE=,NwWHWw8NR5sXujyfEkYBJivq1Dk=
-1,-38,AWnklzCkCgNtJvdhBjPvCupJ3TE=,NwWHWw8NR5sXujyfEkYBJivq1Dk=
-1,-33,AWnklzCkCgNtJvdhBjPvCupJ3TE=,NwWHWw8NR5sXujyfEkYBJivq1Dk=
-15,-54,JGxyzhOAc6yiiHiUl2Zcvj7LxXk=,kHigf8jA7x1MJtBF+0kLr4N2Q9g=
-10,-55,JGxyzhOAc6yiiHiUl2Zcvj7LxXk=,kHigf8jA7x1MJtBF+0kLr4N2Q9g=
-11,-55,JGxyzhOAc6yiiHiUl2Zcvj7LxXk=,kHigf8jA7x1MJtBF+0kLr4N2Q9g=
-12,-55,JGxyzhOAc6yiiHiUl2Zcvj7LxXk=,kHigf8jA7x1MJtBF+0kLr4N2Q9g=
-14,-55,JGxyzhOAc6yiiHiUl2Zcvj7LxXk=,kHigf8jA7x1MJtBF+0kLr4N2Q9g=
-13,-55,JGxyzhOAc6yiiHiUl2Zcvj7LxXk=,kHigf8jA7x1MJtBF+0kLr4N2Q9g=
-10,-56,JGxyzhOAc6yiiHiUl2Zcvj7LxXk=,kHigf8jA7x1MJtBF+0kLr4N2Q9g=
-11,-56,JGxyzhOAc6yiiHiUl2Zcvj7LxXk=,kHigf8jA7x1MJtBF+0kLr4N2Q9g=
-15,-55,JGxyzhOAc6yiiHiUl2Zcvj7LxXk=,kHigf8jA7x1MJtBF+0kLr4N2Q9g=
-12,-56,JGxyzhOAc6yiiHiUl2Zcvj7LxXk=,kHigf8jA7x1MJtBF+0kLr4N2Q9g=
-16,-54,zgd91ycRlPwOmMxQpTKeJUCVyPg=,kHigf8jA7x1MJtBF+0kLr4N2Q9g=
-16,-53,zgd91ycRlPwOmMxQpTKeJUCVyPg=,kHigf8jA7x1MJtBF+0kLr4N2Q9g=
-16,-52,zgd91ycRlPwOmMxQpTKeJUCVyPg=,kHigf8jA7x1MJtBF+0kLr4N2Q9g=
-16,-51,zgd91ycRlPwOmMxQpTKeJUCVyPg=,kHigf8jA7x1MJtBF+0kLr4N2Q9g=
-16,-50,zgd91ycRlPwOmMxQpTKeJUCVyPg=,kHigf8jA7x1MJtBF+0kLr4N2Q9g=
-16,-55,zgd91ycRlPwOmMxQpTKeJUCVyPg=,kHigf8jA7x1MJtBF+0kLr4N2Q9g=
-12,-50,zgd91ycRlPwOmMxQpTKeJUCVyPg=,kHigf8jA7x1MJtBF+0kLr4N2Q9g=
-11,-50,zgd91ycRlPwOmMxQpTKeJUCVyPg=,kHigf8jA7x1MJtBF+0kLr4N2Q9g=
-13,-50,zgd91ycRlPwOmMxQpTKeJUCVyPg=,kHigf8jA7x1MJtBF+0kLr4N2Q9g=
-13,-56,zgd91ycRlPwOmMxQpTKeJUCVyPg=,kHigf8jA7x1MJtBF+0kLr4N2Q9g=
-14,-50,zgd91ycRlPwOmMxQpTKeJUCVyPg=,kHigf8jA7x1MJtBF+0kLr4N2Q9g=
-15,-50,zgd91ycRlPwOmMxQpTKeJUCVyPg=,kHigf8jA7x1MJtBF+0kLr4N2Q9g=
-10,-51,zgd91ycRlPwOmMxQpTKeJUCVyPg=,kHigf8jA7x1MJtBF+0kLr4N2Q9g=
-11,-51,zgd91ycRlPwOmMxQpTKeJUCVyPg=,kHigf8jA7x1MJtBF+0kLr4N2Q9g=
-14,-56,zgd91ycRlPwOmMxQpTKeJUCVyPg=,kHigf8jA7x1MJtBF+0kLr4N2Q9g=
-12,-51,zgd91ycRlPwOmMxQpTKeJUCVyPg=,kHigf8jA7x1MJtBF+0kLr4N2Q9g=
-14,-51,zgd91ycRlPwOmMxQpTKeJUCVyPg=,kHigf8jA7x1MJtBF+0kLr4N2Q9g=
-13,-51,zgd91ycRlPwOmMxQpTKeJUCVyPg=,kHigf8jA7x1MJtBF+0kLr4N2Q9g=
-15,-56,zgd91ycRlPwOmMxQpTKeJUCVyPg=,kHigf8jA7x1MJtBF+0kLr4N2Q9g=
-10,-52,zgd91ycRlPwOmMxQpTKeJUCVyPg=,kHigf8jA7x1MJtBF+0kLr4N2Q9g=
-11,-52,zgd91ycRlPwOmMxQpTKeJUCVyPg=,kHigf8jA7x1MJtBF+0kLr4N2Q9g=
-12,-52,zgd91ycRlPwOmMxQpTKeJUCVyPg=,kHigf8jA7x1MJtBF+0kLr4N2Q9g=
-15,-51,zgd91ycRlPwOmMxQpTKeJUCVyPg=,kHigf8jA7x1MJtBF+0kLr4N2Q9g=
-13,-52,zgd91ycRlPwOmMxQpTKeJUCVyPg=,kHigf8jA7x1MJtBF+0kLr4N2Q9g=
-14,-52,zgd91ycRlPwOmMxQpTKeJUCVyPg=,kHigf8jA7x1MJtBF+0kLr4N2Q9g=
-15,-52,zgd91ycRlPwOmMxQpTKeJUCVyPg=,kHigf8jA7x1MJtBF+0kLr4N2Q9g=
-10,-53,zgd91ycRlPwOmMxQpTKeJUCVyPg=,kHigf8jA7x1MJtBF+0kLr4N2Q9g=
-12,-53,zgd91ycRlPwOmMxQpTKeJUCVyPg=,kHigf8jA7x1MJtBF+0kLr4N2Q9g=
-13,-53,zgd91ycRlPwOmMxQpTKeJUCVyPg=,kHigf8jA7x1MJtBF+0kLr4N2Q9g=
-15,-53,zgd91ycRlPwOmMxQpTKeJUCVyPg=,kHigf8jA7x1MJtBF+0kLr4N2Q9g=
-14,-53,zgd91ycRlPwOmMxQpTKeJUCVyPg=,kHigf8jA7x1MJtBF+0kLr4N2Q9g=
-10,-54,zgd91ycRlPwOmMxQpTKeJUCVyPg=,kHigf8jA7x1MJtBF+0kLr4N2Q9g=
-11,-54,zgd91ycRlPwOmMxQpTKeJUCVyPg=,kHigf8jA7x1MJtBF+0kLr4N2Q9g=
-12,-54,zgd91ycRlPwOmMxQpTKeJUCVyPg=,kHigf8jA7x1MJtBF+0kLr4N2Q9g=
-13,-54,zgd91ycRlPwOmMxQpTKeJUCVyPg=,kHigf8jA7x1MJtBF+0kLr4N2Q9g=
-14,-54,zgd91ycRlPwOmMxQpTKeJUCVyPg=,kHigf8jA7x1MJtBF+0kLr4N2Q9g=
-16,-56,zgd91ycRlPwOmMxQpTKeJUCVyPg=,kHigf8jA7x1MJtBF+0kLr4N2Q9g=
-11,-53,zgd91ycRlPwOmMxQpTKeJUCVyPg=,kHigf8jA7x1MJtBF+0kLr4N2Q9g=
-16,-49,zgd91ycRlPwOmMxQpTKeJUCVyPg=,kHigf8jA7x1MJtBF+0kLr4N2Q9g=
-15,-49,zgd91ycRlPwOmMxQpTKeJUCVyPg=,kHigf8jA7x1MJtBF+0kLr4N2Q9g=
-14,-49,zgd91ycRlPwOmMxQpTKeJUCVyPg=,kHigf8jA7x1MJtBF+0kLr4N2Q9g=
-13,-49,zgd91ycRlPwOmMxQpTKeJUCVyPg=,kHigf8jA7x1MJtBF+0kLr4N2Q9g=
-9,-55,zgd91ycRlPwOmMxQpTKeJUCVyPg=,kHigf8jA7x1MJtBF+0kLr4N2Q9g=
-7,-54,zgd91ycRlPwOmMxQpTKeJUCVyPg=,5+Tn2iFDMfBFphRtYPC3FmTBkwY=
-4,-51,zgd91ycRlPwOmMxQpTKeJUCVyPg=,5+Tn2iFDMfBFphRtYPC3FmTBkwY=
-3,-51,zgd91ycRlPwOmMxQpTKeJUCVyPg=,5+Tn2iFDMfBFphRtYPC3FmTBkwY=
-1,-55,zgd91ycRlPwOmMxQpTKeJUCVyPg=,5+Tn2iFDMfBFphRtYPC3FmTBkwY=
-5,-53,zgd91ycRlPwOmMxQpTKeJUCVyPg=,5+Tn2iFDMfBFphRtYPC3FmTBkwY=
-8,-51,zgd91ycRlPwOmMxQpTKeJUCVyPg=,5+Tn2iFDMfBFphRtYPC3FmTBkwY=
-1,-52,zgd91ycRlPwOmMxQpTKeJUCVyPg=,5+Tn2iFDMfBFphRtYPC3FmTBkwY=
-3,-56,zgd91ycRlPwOmMxQpTKeJUCVyPg=,5+Tn2iFDMfBFphRtYPC3FmTBkwY=
-6,-53,zgd91ycRlPwOmMxQpTKeJUCVyPg=,5+Tn2iFDMfBFphRtYPC3FmTBkwY=
-7,-53,zgd91ycRlPwOmMxQpTKeJUCVyPg=,5+Tn2iFDMfBFphRtYPC3FmTBkwY=
-3,-55,zgd91ycRlPwOmMxQpTKeJUCVyPg=,5+Tn2iFDMfBFphRtYPC3FmTBkwY=
-5,-52,zgd91ycRlPwOmMxQpTKeJUCVyPg=,5+Tn2iFDMfBFphRtYPC3FmTBkwY=
-10,-49,zgd91ycRlPwOmMxQpTKeJUCVyPg=,kHigf8jA7x1MJtBF+0kLr4N2Q9g=
-4,-55,zgd91ycRlPwOmMxQpTKeJUCVyPg=,5+Tn2iFDMfBFphRtYPC3FmTBkwY=
-8,-53,zgd91ycRlPwOmMxQpTKeJUCVyPg=,5+Tn2iFDMfBFphRtYPC3FmTBkwY=
-5,-56,zgd91ycRlPwOmMxQpTKeJUCVyPg=,5+Tn2iFDMfBFphRtYPC3FmTBkwY=
-9,-56,zgd91ycRlPwOmMxQpTKeJUCVyPg=,kHigf8jA7x1MJtBF+0kLr4N2Q9g=
-2,-55,zgd91ycRlPwOmMxQpTKeJUCVyPg=,5+Tn2iFDMfBFphRtYPC3FmTBkwY=
-11,-49,zgd91ycRlPwOmMxQpTKeJUCVyPg=,kHigf8jA7x1MJtBF+0kLr4N2Q9g=
-6,-52,zgd91ycRlPwOmMxQpTKeJUCVyPg=,5+Tn2iFDMfBFphRtYPC3FmTBkwY=
-6,-56,zgd91ycRlPwOmMxQpTKeJUCVyPg=,5+Tn2iFDMfBFphRtYPC3FmTBkwY=
-12,-49,zgd91ycRlPwOmMxQpTKeJUCVyPg=,kHigf8jA7x1MJtBF+0kLr4N2Q9g=
-9,-50,zgd91ycRlPwOmMxQpTKeJUCVyPg=,kHigf8jA7x1MJtBF+0kLr4N2Q9g=
-6,-55,zgd91ycRlPwOmMxQpTKeJUCVyPg=,5+Tn2iFDMfBFphRtYPC3FmTBkwY=
-9,-51,zgd91ycRlPwOmMxQpTKeJUCVyPg=,kHigf8jA7x1MJtBF+0kLr4N2Q9g=
-9,-49,zgd91ycRlPwOmMxQpTKeJUCVyPg=,kHigf8jA7x1MJtBF+0kLr4N2Q9g=
-10,-50,zgd91ycRlPwOmMxQpTKeJUCVyPg=,kHigf8jA7x1MJtBF+0kLr4N2Q9g=
-7,-56,zgd91ycRlPwOmMxQpTKeJUCVyPg=,5+Tn2iFDMfBFphRtYPC3FmTBkwY=
-7,-52,zgd91ycRlPwOmMxQpTKeJUCVyPg=,5+Tn2iFDMfBFphRtYPC3FmTBkwY=
-2,-52,zgd91ycRlPwOmMxQpTKeJUCVyPg=,5+Tn2iFDMfBFphRtYPC3FmTBkwY=
-1,-53,zgd91ycRlPwOmMxQpTKeJUCVyPg=,5+Tn2iFDMfBFphRtYPC3FmTBkwY=
-4,-56,zgd91ycRlPwOmMxQpTKeJUCVyPg=,5+Tn2iFDMfBFphRtYPC3FmTBkwY=
-8,-54,zgd91ycRlPwOmMxQpTKeJUCVyPg=,5+Tn2iFDMfBFphRtYPC3FmTBkwY=
-2,-54,zgd91ycRlPwOmMxQpTKeJUCVyPg=,5+Tn2iFDMfBFphRtYPC3FmTBkwY=
-3,-54,zgd91ycRlPwOmMxQpTKeJUCVyPg=,5+Tn2iFDMfBFphRtYPC3FmTBkwY=
-5,-55,zgd91ycRlPwOmMxQpTKeJUCVyPg=,5+Tn2iFDMfBFphRtYPC3FmTBkwY=
-1,-50,zgd91ycRlPwOmMxQpTKeJUCVyPg=,5+Tn2iFDMfBFphRtYPC3FmTBkwY=
-9,-52,zgd91ycRlPwOmMxQpTKeJUCVyPg=,kHigf8jA7x1MJtBF+0kLr4N2Q9g=
-2,-50,zgd91ycRlPwOmMxQpTKeJUCVyPg=,5+Tn2iFDMfBFphRtYPC3FmTBkwY=
-3,-52,zgd91ycRlPwOmMxQpTKeJUCVyPg=,5+Tn2iFDMfBFphRtYPC3FmTBkwY=
-8,-50,zgd91ycRlPwOmMxQpTKeJUCVyPg=,5+Tn2iFDMfBFphRtYPC3FmTBkwY=
-2,-53,zgd91ycRlPwOmMxQpTKeJUCVyPg=,5+Tn2iFDMfBFphRtYPC3FmTBkwY=
-7,-55,zgd91ycRlPwOmMxQpTKeJUCVyPg=,5+Tn2iFDMfBFphRtYPC3FmTBkwY=
-8,-55,zgd91ycRlPwOmMxQpTKeJUCVyPg=,5+Tn2iFDMfBFphRtYPC3FmTBkwY=
-8,-56,zgd91ycRlPwOmMxQpTKeJUCVyPg=,5+Tn2iFDMfBFphRtYPC3FmTBkwY=
-4,-54,zgd91ycRlPwOmMxQpTKeJUCVyPg=,5+Tn2iFDMfBFphRtYPC3FmTBkwY=
-8,-49,zgd91ycRlPwOmMxQpTKeJUCVyPg=,5+Tn2iFDMfBFphRtYPC3FmTBkwY=
-9,-53,zgd91ycRlPwOmMxQpTKeJUCVyPg=,kHigf8jA7x1MJtBF+0kLr4N2Q9g=
-3,-53,zgd91ycRlPwOmMxQpTKeJUCVyPg=,5+Tn2iFDMfBFphRtYPC3FmTBkwY=
-1,-56,zgd91ycRlPwOmMxQpTKeJUCVyPg=,5+Tn2iFDMfBFphRtYPC3FmTBkwY=
-1,-51,zgd91ycRlPwOmMxQpTKeJUCVyPg=,5+Tn2iFDMfBFphRtYPC3FmTBkwY=
-4,-52,zgd91ycRlPwOmMxQpTKeJUCVyPg=,5+Tn2iFDMfBFphRtYPC3FmTBkwY=
-7,-50,zgd91ycRlPwOmMxQpTKeJUCVyPg=,5+Tn2iFDMfBFphRtYPC3FmTBkwY=
-1,-54,zgd91ycRlPwOmMxQpTKeJUCVyPg=,5+Tn2iFDMfBFphRtYPC3FmTBkwY=
-2,-51,zgd91ycRlPwOmMxQpTKeJUCVyPg=,5+Tn2iFDMfBFphRtYPC3FmTBkwY=
-9,-54,zgd91ycRlPwOmMxQpTKeJUCVyPg=,kHigf8jA7x1MJtBF+0kLr4N2Q9g=
-4,-53,zgd91ycRlPwOmMxQpTKeJUCVyPg=,5+Tn2iFDMfBFphRtYPC3FmTBkwY=
-1,-49,zgd91ycRlPwOmMxQpTKeJUCVyPg=,5+Tn2iFDMfBFphRtYPC3FmTBkwY=
-6,-54,zgd91ycRlPwOmMxQpTKeJUCVyPg=,5+Tn2iFDMfBFphRtYPC3FmTBkwY=
-5,-54,zgd91ycRlPwOmMxQpTKeJUCVyPg=,5+Tn2iFDMfBFphRtYPC3FmTBkwY=
-5,-51,zgd91ycRlPwOmMxQpTKeJUCVyPg=,5+Tn2iFDMfBFphRtYPC3FmTBkwY=
-6,-50,zgd91ycRlPwOmMxQpTKeJUCVyPg=,5+Tn2iFDMfBFphRtYPC3FmTBkwY=
-2,-49,zgd91ycRlPwOmMxQpTKeJUCVyPg=,5+Tn2iFDMfBFphRtYPC3FmTBkwY=
-6,-51,zgd91ycRlPwOmMxQpTKeJUCVyPg=,5+Tn2iFDMfBFphRtYPC3FmTBkwY=
-7,-51,zgd91ycRlPwOmMxQpTKeJUCVyPg=,5+Tn2iFDMfBFphRtYPC3FmTBkwY=
-8,-52,zgd91ycRlPwOmMxQpTKeJUCVyPg=,5+Tn2iFDMfBFphRtYPC3FmTBkwY=
-2,-56,zgd91ycRlPwOmMxQpTKeJUCVyPg=,5+Tn2iFDMfBFphRtYPC3FmTBkwY=
-3,-49,zgd91ycRlPwOmMxQpTKeJUCVyPg=,5+Tn2iFDMfBFphRtYPC3FmTBkwY=
-4,-50,zgd91ycRlPwOmMxQpTKeJUCVyPg=,5+Tn2iFDMfBFphRtYPC3FmTBkwY=
-4,-49,zgd91ycRlPwOmMxQpTKeJUCVyPg=,5+Tn2iFDMfBFphRtYPC3FmTBkwY=
-3,-50,zgd91ycRlPwOmMxQpTKeJUCVyPg=,5+Tn2iFDMfBFphRtYPC3FmTBkwY=
-7,-49,zgd91ycRlPwOmMxQpTKeJUCVyPg=,5+Tn2iFDMfBFphRtYPC3FmTBkwY=
-6,-49,zgd91ycRlPwOmMxQpTKeJUCVyPg=,5+Tn2iFDMfBFphRtYPC3FmTBkwY=
-5,-49,zgd91ycRlPwOmMxQpTKeJUCVyPg=,5+Tn2iFDMfBFphRtYPC3FmTBkwY=
-5,-50,zgd91ycRlPwOmMxQpTKeJUCVyPg=,5+Tn2iFDMfBFphRtYPC3FmTBkwY=
-24,-47,pdTfC6SK7rahSDcLBAvIuOAUMew=,FjDUWzCE04jIBN98n+4HK3jYpGQ=
-21,-42,pdTfC6SK7rahSDcLBAvIuOAUMew=,FjDUWzCE04jIBN98n+4HK3jYpGQ=
-22,-42,pdTfC6SK7rahSDcLBAvIuOAUMew=,FjDUWzCE04jIBN98n+4HK3jYpGQ=
-23,-42,XxrQHVKn2CF8HwiRa0cRf+0KM2c=,FjDUWzCE04jIBN98n+4HK3jYpGQ=
-21,-43,XxrQHVKn2CF8HwiRa0cRf+0KM2c=,FjDUWzCE04jIBN98n+4HK3jYpGQ=
-24,-42,XxrQHVKn2CF8HwiRa0cRf+0KM2c=,FjDUWzCE04jIBN98n+4HK3jYpGQ=
-22,-43,XxrQHVKn2CF8HwiRa0cRf+0KM2c=,FjDUWzCE04jIBN98n+4HK3jYpGQ=
-23,-43,XxrQHVKn2CF8HwiRa0cRf+0KM2c=,FjDUWzCE04jIBN98n+4HK3jYpGQ=
-24,-43,XxrQHVKn2CF8HwiRa0cRf+0KM2c=,FjDUWzCE04jIBN98n+4HK3jYpGQ=
-18,-44,XxrQHVKn2CF8HwiRa0cRf+0KM2c=,FjDUWzCE04jIBN98n+4HK3jYpGQ=
-19,-44,XxrQHVKn2CF8HwiRa0cRf+0KM2c=,FjDUWzCE04jIBN98n+4HK3jYpGQ=
-20,-44,XxrQHVKn2CF8HwiRa0cRf+0KM2c=,FjDUWzCE04jIBN98n+4HK3jYpGQ=
-21,-44,XxrQHVKn2CF8HwiRa0cRf+0KM2c=,FjDUWzCE04jIBN98n+4HK3jYpGQ=
-22,-44,XxrQHVKn2CF8HwiRa0cRf+0KM2c=,FjDUWzCE04jIBN98n+4HK3jYpGQ=
-24,-44,XxrQHVKn2CF8HwiRa0cRf+0KM2c=,FjDUWzCE04jIBN98n+4HK3jYpGQ=
-19,-45,XxrQHVKn2CF8HwiRa0cRf+0KM2c=,FjDUWzCE04jIBN98n+4HK3jYpGQ=
-20,-45,XxrQHVKn2CF8HwiRa0cRf+0KM2c=,FjDUWzCE04jIBN98n+4HK3jYpGQ=
-21,-45,XxrQHVKn2CF8HwiRa0cRf+0KM2c=,FjDUWzCE04jIBN98n+4HK3jYpGQ=
-22,-45,XxrQHVKn2CF8HwiRa0cRf+0KM2c=,FjDUWzCE04jIBN98n+4HK3jYpGQ=
-23,-45,YSAi0SAo0hSqh4+XmXOIIndRYMM=,FjDUWzCE04jIBN98n+4HK3jYpGQ=
-28,-39,YSAi0SAo0hSqh4+XmXOIIndRYMM=,oBykP5SC5QSSBf7vWkp4vltyDPo=
-24,-45,YSAi0SAo0hSqh4+XmXOIIndRYMM=,FjDUWzCE04jIBN98n+4HK3jYpGQ=
-18,-46,YSAi0SAo0hSqh4+XmXOIIndRYMM=,FjDUWzCE04jIBN98n+4HK3jYpGQ=
-27,-39,YSAi0SAo0hSqh4+XmXOIIndRYMM=,oBykP5SC5QSSBf7vWkp4vltyDPo=
-23,-44,YSAi0SAo0hSqh4+XmXOIIndRYMM=,FjDUWzCE04jIBN98n+4HK3jYpGQ=
-26,-39,YSAi0SAo0hSqh4+XmXOIIndRYMM=,oBykP5SC5QSSBf7vWkp4vltyDPo=
-31,-38,YSAi0SAo0hSqh4+XmXOIIndRYMM=,oBykP5SC5QSSBf7vWkp4vltyDPo=
-30,-38,YSAi0SAo0hSqh4+XmXOIIndRYMM=,oBykP5SC5QSSBf7vWkp4vltyDPo=
-28,-38,YSAi0SAo0hSqh4+XmXOIIndRYMM=,oBykP5SC5QSSBf7vWkp4vltyDPo=
-29,-38,YSAi0SAo0hSqh4+XmXOIIndRYMM=,oBykP5SC5QSSBf7vWkp4vltyDPo=
-19,-46,YSAi0SAo0hSqh4+XmXOIIndRYMM=,FjDUWzCE04jIBN98n+4HK3jYpGQ=
-27,-38,YSAi0SAo0hSqh4+XmXOIIndRYMM=,oBykP5SC5QSSBf7vWkp4vltyDPo=
-26,-38,YSAi0SAo0hSqh4+XmXOIIndRYMM=,oBykP5SC5QSSBf7vWkp4vltyDPo=
-20,-46,YSAi0SAo0hSqh4+XmXOIIndRYMM=,FjDUWzCE04jIBN98n+4HK3jYpGQ=
-31,-37,YSAi0SAo0hSqh4+XmXOIIndRYMM=,oBykP5SC5QSSBf7vWkp4vltyDPo=
-21,-46,YSAi0SAo0hSqh4+XmXOIIndRYMM=,FjDUWzCE04jIBN98n+4HK3jYpGQ=
-30,-37,YSAi0SAo0hSqh4+XmXOIIndRYMM=,oBykP5SC5QSSBf7vWkp4vltyDPo=
-22,-46,YSAi0SAo0hSqh4+XmXOIIndRYMM=,FjDUWzCE04jIBN98n+4HK3jYpGQ=
-29,-37,YSAi0SAo0hSqh4+XmXOIIndRYMM=,oBykP5SC5QSSBf7vWkp4vltyDPo=
-23,-46,YSAi0SAo0hSqh4+XmXOIIndRYMM=,FjDUWzCE04jIBN98n+4HK3jYpGQ=
-28,-37,YSAi0SAo0hSqh4+XmXOIIndRYMM=,oBykP5SC5QSSBf7vWkp4vltyDPo=
-24,-46,YSAi0SAo0hSqh4+XmXOIIndRYMM=,FjDUWzCE04jIBN98n+4HK3jYpGQ=
-27,-37,YSAi0SAo0hSqh4+XmXOIIndRYMM=,oBykP5SC5QSSBf7vWkp4vltyDPo=
-26,-37,YSAi0SAo0hSqh4+XmXOIIndRYMM=,oBykP5SC5QSSBf7vWkp4vltyDPo=
-18,-47,YSAi0SAo0hSqh4+XmXOIIndRYMM=,FjDUWzCE04jIBN98n+4HK3jYpGQ=
-31,-36,YSAi0SAo0hSqh4+XmXOIIndRYMM=,oBykP5SC5QSSBf7vWkp4vltyDPo=
-30,-36,YSAi0SAo0hSqh4+XmXOIIndRYMM=,oBykP5SC5QSSBf7vWkp4vltyDPo=
-29,-36,YSAi0SAo0hSqh4+XmXOIIndRYMM=,oBykP5SC5QSSBf7vWkp4vltyDPo=
-28,-36,YSAi0SAo0hSqh4+XmXOIIndRYMM=,oBykP5SC5QSSBf7vWkp4vltyDPo=
-27,-36,YSAi0SAo0hSqh4+XmXOIIndRYMM=,oBykP5SC5QSSBf7vWkp4vltyDPo=
-26,-36,YSAi0SAo0hSqh4+XmXOIIndRYMM=,oBykP5SC5QSSBf7vWkp4vltyDPo=
-19,-47,YSAi0SAo0hSqh4+XmXOIIndRYMM=,FjDUWzCE04jIBN98n+4HK3jYpGQ=
-31,-35,YSAi0SAo0hSqh4+XmXOIIndRYMM=,oBykP5SC5QSSBf7vWkp4vltyDPo=
-29,-39,YSAi0SAo0hSqh4+XmXOIIndRYMM=,oBykP5SC5QSSBf7vWkp4vltyDPo=
-30,-39,YSAi0SAo0hSqh4+XmXOIIndRYMM=,oBykP5SC5QSSBf7vWkp4vltyDPo=
-30,-35,YSAi0SAo0hSqh4+XmXOIIndRYMM=,oBykP5SC5QSSBf7vWkp4vltyDPo=
-31,-39,YSAi0SAo0hSqh4+XmXOIIndRYMM=,oBykP5SC5QSSBf7vWkp4vltyDPo=
-18,-45,YSAi0SAo0hSqh4+XmXOIIndRYMM=,FjDUWzCE04jIBN98n+4HK3jYpGQ=
-26,-40,YSAi0SAo0hSqh4+XmXOIIndRYMM=,oBykP5SC5QSSBf7vWkp4vltyDPo=
-29,-35,YSAi0SAo0hSqh4+XmXOIIndRYMM=,oBykP5SC5QSSBf7vWkp4vltyDPo=
-28,-35,YSAi0SAo0hSqh4+XmXOIIndRYMM=,oBykP5SC5QSSBf7vWkp4vltyDPo=
-22,-47,YSAi0SAo0hSqh4+XmXOIIndRYMM=,FjDUWzCE04jIBN98n+4HK3jYpGQ=
-20,-47,YSAi0SAo0hSqh4+XmXOIIndRYMM=,FjDUWzCE04jIBN98n+4HK3jYpGQ=
-27,-35,YSAi0SAo0hSqh4+XmXOIIndRYMM=,oBykP5SC5QSSBf7vWkp4vltyDPo=
-23,-47,YSAi0SAo0hSqh4+XmXOIIndRYMM=,FjDUWzCE04jIBN98n+4HK3jYpGQ=
-31,-34,YSAi0SAo0hSqh4+XmXOIIndRYMM=,oBykP5SC5QSSBf7vWkp4vltyDPo=
-21,-47,YSAi0SAo0hSqh4+XmXOIIndRYMM=,FjDUWzCE04jIBN98n+4HK3jYpGQ=
-28,-34,YSAi0SAo0hSqh4+XmXOIIndRYMM=,oBykP5SC5QSSBf7vWkp4vltyDPo=
-31,-40,YSAi0SAo0hSqh4+XmXOIIndRYMM=,oBykP5SC5QSSBf7vWkp4vltyDPo=
-27,-40,YSAi0SAo0hSqh4+XmXOIIndRYMM=,oBykP5SC5QSSBf7vWkp4vltyDPo=
-30,-40,YSAi0SAo0hSqh4+XmXOIIndRYMM=,oBykP5SC5QSSBf7vWkp4vltyDPo=
-28,-40,YSAi0SAo0hSqh4+XmXOIIndRYMM=,oBykP5SC5QSSBf7vWkp4vltyDPo=
-29,-40,YSAi0SAo0hSqh4+XmXOIIndRYMM=,oBykP5SC5QSSBf7vWkp4vltyDPo=
-17,-47,YSAi0SAo0hSqh4+XmXOIIndRYMM=,FjDUWzCE04jIBN98n+4HK3jYpGQ=
-17,-46,YSAi0SAo0hSqh4+XmXOIIndRYMM=,FjDUWzCE04jIBN98n+4HK3jYpGQ=
-17,-45,YSAi0SAo0hSqh4+XmXOIIndRYMM=,FjDUWzCE04jIBN98n+4HK3jYpGQ=
-18,-39,YSAi0SAo0hSqh4+XmXOIIndRYMM=,snZK6RDXGHByRoAA38h69wUxDug=
-18,-35,YSAi0SAo0hSqh4+XmXOIIndRYMM=,snZK6RDXGHByRoAA38h69wUxDug=
-25,-39,YSAi0SAo0hSqh4+XmXOIIndRYMM=,oBykP5SC5QSSBf7vWkp4vltyDPo=
-21,-36,YSAi0SAo0hSqh4+XmXOIIndRYMM=,snZK6RDXGHByRoAA38h69wUxDug=
-17,-37,YSAi0SAo0hSqh4+XmXOIIndRYMM=,snZK6RDXGHByRoAA38h69wUxDug=
-17,-42,YSAi0SAo0hSqh4+XmXOIIndRYMM=,FjDUWzCE04jIBN98n+4HK3jYpGQ=
-17,-43,YSAi0SAo0hSqh4+XmXOIIndRYMM=,FjDUWzCE04jIBN98n+4HK3jYpGQ=
-17,-34,YSAi0SAo0hSqh4+XmXOIIndRYMM=,snZK6RDXGHByRoAA38h69wUxDug=
-17,-44,YSAi0SAo0hSqh4+XmXOIIndRYMM=,FjDUWzCE04jIBN98n+4HK3jYpGQ=
-18,-34,YSAi0SAo0hSqh4+XmXOIIndRYMM=,snZK6RDXGHByRoAA38h69wUxDug=
-19,-37,YSAi0SAo0hSqh4+XmXOIIndRYMM=,snZK6RDXGHByRoAA38h69wUxDug=
-25,-40,YSAi0SAo0hSqh4+XmXOIIndRYMM=,oBykP5SC5QSSBf7vWkp4vltyDPo=
-20,-43,YSAi0SAo0hSqh4+XmXOIIndRYMM=,FjDUWzCE04jIBN98n+4HK3jYpGQ=
-19,-43,YSAi0SAo0hSqh4+XmXOIIndRYMM=,FjDUWzCE04jIBN98n+4HK3jYpGQ=
-18,-43,YSAi0SAo0hSqh4+XmXOIIndRYMM=,FjDUWzCE04jIBN98n+4HK3jYpGQ=
-18,-37,YSAi0SAo0hSqh4+XmXOIIndRYMM=,snZK6RDXGHByRoAA38h69wUxDug=
-18,-38,YSAi0SAo0hSqh4+XmXOIIndRYMM=,snZK6RDXGHByRoAA38h69wUxDug=
-17,-38,YSAi0SAo0hSqh4+XmXOIIndRYMM=,snZK6RDXGHByRoAA38h69wUxDug=
-19,-38,YSAi0SAo0hSqh4+XmXOIIndRYMM=,snZK6RDXGHByRoAA38h69wUxDug=
-19,-35,YSAi0SAo0hSqh4+XmXOIIndRYMM=,snZK6RDXGHByRoAA38h69wUxDug=
-17,-41,YSAi0SAo0hSqh4+XmXOIIndRYMM=,FjDUWzCE04jIBN98n+4HK3jYpGQ=
-20,-42,YSAi0SAo0hSqh4+XmXOIIndRYMM=,FjDUWzCE04jIBN98n+4HK3jYpGQ=
-18,-41,YSAi0SAo0hSqh4+XmXOIIndRYMM=,FjDUWzCE04jIBN98n+4HK3jYpGQ=
-19,-41,YSAi0SAo0hSqh4+XmXOIIndRYMM=,FjDUWzCE04jIBN98n+4HK3jYpGQ=
-19,-34,YSAi0SAo0hSqh4+XmXOIIndRYMM=,snZK6RDXGHByRoAA38h69wUxDug=
-19,-42,YSAi0SAo0hSqh4+XmXOIIndRYMM=,FjDUWzCE04jIBN98n+4HK3jYpGQ=
-20,-34,YSAi0SAo0hSqh4+XmXOIIndRYMM=,snZK6RDXGHByRoAA38h69wUxDug=
-20,-41,YSAi0SAo0hSqh4+XmXOIIndRYMM=,FjDUWzCE04jIBN98n+4HK3jYpGQ=
-18,-42,YSAi0SAo0hSqh4+XmXOIIndRYMM=,FjDUWzCE04jIBN98n+4HK3jYpGQ=
-17,-39,YSAi0SAo0hSqh4+XmXOIIndRYMM=,snZK6RDXGHByRoAA38h69wUxDug=
-21,-34,YSAi0SAo0hSqh4+XmXOIIndRYMM=,snZK6RDXGHByRoAA38h69wUxDug=
-20,-39,YSAi0SAo0hSqh4+XmXOIIndRYMM=,snZK6RDXGHByRoAA38h69wUxDug=
-20,-37,YSAi0SAo0hSqh4+XmXOIIndRYMM=,snZK6RDXGHByRoAA38h69wUxDug=
-22,-41,YSAi0SAo0hSqh4+XmXOIIndRYMM=,FjDUWzCE04jIBN98n+4HK3jYpGQ=
-20,-35,YSAi0SAo0hSqh4+XmXOIIndRYMM=,snZK6RDXGHByRoAA38h69wUxDug=
-23,-39,YSAi0SAo0hSqh4+XmXOIIndRYMM=,snZK6RDXGHByRoAA38h69wUxDug=
-23,-41,YSAi0SAo0hSqh4+XmXOIIndRYMM=,FjDUWzCE04jIBN98n+4HK3jYpGQ=
-24,-41,YSAi0SAo0hSqh4+XmXOIIndRYMM=,FjDUWzCE04jIBN98n+4HK3jYpGQ=
-21,-41,YSAi0SAo0hSqh4+XmXOIIndRYMM=,FjDUWzCE04jIBN98n+4HK3jYpGQ=
-24,-39,YSAi0SAo0hSqh4+XmXOIIndRYMM=,snZK6RDXGHByRoAA38h69wUxDug=
-22,-34,YSAi0SAo0hSqh4+XmXOIIndRYMM=,snZK6RDXGHByRoAA38h69wUxDug=
-21,-35,YSAi0SAo0hSqh4+XmXOIIndRYMM=,snZK6RDXGHByRoAA38h69wUxDug=
-22,-35,YSAi0SAo0hSqh4+XmXOIIndRYMM=,snZK6RDXGHByRoAA38h69wUxDug=
-21,-39,YSAi0SAo0hSqh4+XmXOIIndRYMM=,snZK6RDXGHByRoAA38h69wUxDug=
-22,-39,YSAi0SAo0hSqh4+XmXOIIndRYMM=,snZK6RDXGHByRoAA38h69wUxDug=
-20,-38,YSAi0SAo0hSqh4+XmXOIIndRYMM=,snZK6RDXGHByRoAA38h69wUxDug=
-17,-40,YSAi0SAo0hSqh4+XmXOIIndRYMM=,snZK6RDXGHByRoAA38h69wUxDug=
-23,-40,YSAi0SAo0hSqh4+XmXOIIndRYMM=,snZK6RDXGHByRoAA38h69wUxDug=
-18,-40,YSAi0SAo0hSqh4+XmXOIIndRYMM=,snZK6RDXGHByRoAA38h69wUxDug=
-21,-38,YSAi0SAo0hSqh4+XmXOIIndRYMM=,snZK6RDXGHByRoAA38h69wUxDug=
-21,-40,YSAi0SAo0hSqh4+XmXOIIndRYMM=,snZK6RDXGHByRoAA38h69wUxDug=
-22,-40,YSAi0SAo0hSqh4+XmXOIIndRYMM=,snZK6RDXGHByRoAA38h69wUxDug=
-17,-36,YSAi0SAo0hSqh4+XmXOIIndRYMM=,snZK6RDXGHByRoAA38h69wUxDug=
-19,-40,YSAi0SAo0hSqh4+XmXOIIndRYMM=,snZK6RDXGHByRoAA38h69wUxDug=
-18,-33,YSAi0SAo0hSqh4+XmXOIIndRYMM=,snZK6RDXGHByRoAA38h69wUxDug=
-23,-33,YSAi0SAo0hSqh4+XmXOIIndRYMM=,snZK6RDXGHByRoAA38h69wUxDug=
-22,-33,YSAi0SAo0hSqh4+XmXOIIndRYMM=,snZK6RDXGHByRoAA38h69wUxDug=
-21,-33,YSAi0SAo0hSqh4+XmXOIIndRYMM=,snZK6RDXGHByRoAA38h69wUxDug=
-20,-33,YSAi0SAo0hSqh4+XmXOIIndRYMM=,snZK6RDXGHByRoAA38h69wUxDug=
-19,-33,YSAi0SAo0hSqh4+XmXOIIndRYMM=,snZK6RDXGHByRoAA38h69wUxDug=
-19,-39,YSAi0SAo0hSqh4+XmXOIIndRYMM=,snZK6RDXGHByRoAA38h69wUxDug=
-24,-37,YSAi0SAo0hSqh4+XmXOIIndRYMM=,snZK6RDXGHByRoAA38h69wUxDug=
-25,-38,YSAi0SAo0hSqh4+XmXOIIndRYMM=,oBykP5SC5QSSBf7vWkp4vltyDPo=
-24,-38,YSAi0SAo0hSqh4+XmXOIIndRYMM=,snZK6RDXGHByRoAA38h69wUxDug=
-17,-35,YSAi0SAo0hSqh4+XmXOIIndRYMM=,snZK6RDXGHByRoAA38h69wUxDug=
-24,-40,YSAi0SAo0hSqh4+XmXOIIndRYMM=,snZK6RDXGHByRoAA38h69wUxDug=
-21,-37,YSAi0SAo0hSqh4+XmXOIIndRYMM=,snZK6RDXGHByRoAA38h69wUxDug=
-18,-36,YSAi0SAo0hSqh4+XmXOIIndRYMM=,snZK6RDXGHByRoAA38h69wUxDug=
-23,-38,YSAi0SAo0hSqh4+XmXOIIndRYMM=,snZK6RDXGHByRoAA38h69wUxDug=
-25,-37,YSAi0SAo0hSqh4+XmXOIIndRYMM=,oBykP5SC5QSSBf7vWkp4vltyDPo=
-19,-36,YSAi0SAo0hSqh4+XmXOIIndRYMM=,snZK6RDXGHByRoAA38h69wUxDug=
-20,-36,YSAi0SAo0hSqh4+XmXOIIndRYMM=,snZK6RDXGHByRoAA38h69wUxDug=
-22,-38,YSAi0SAo0hSqh4+XmXOIIndRYMM=,snZK6RDXGHByRoAA38h69wUxDug=
-20,-40,YSAi0SAo0hSqh4+XmXOIIndRYMM=,snZK6RDXGHByRoAA38h69wUxDug=
-22,-37,YSAi0SAo0hSqh4+XmXOIIndRYMM=,snZK6RDXGHByRoAA38h69wUxDug=
-23,-37,YSAi0SAo0hSqh4+XmXOIIndRYMM=,snZK6RDXGHByRoAA38h69wUxDug=
-17,-33,YSAi0SAo0hSqh4+XmXOIIndRYMM=,snZK6RDXGHByRoAA38h69wUxDug=
-23,-48,YSAi0SAo0hSqh4+XmXOIIndRYMM=,FjDUWzCE04jIBN98n+4HK3jYpGQ=
-22,-48,YSAi0SAo0hSqh4+XmXOIIndRYMM=,FjDUWzCE04jIBN98n+4HK3jYpGQ=
-32,-38,YSAi0SAo0hSqh4+XmXOIIndRYMM=,oBykP5SC5QSSBf7vWkp4vltyDPo=
-32,-39,YSAi0SAo0hSqh4+XmXOIIndRYMM=,oBykP5SC5QSSBf7vWkp4vltyDPo=
-21,-48,YSAi0SAo0hSqh4+XmXOIIndRYMM=,FjDUWzCE04jIBN98n+4HK3jYpGQ=
-32,-37,YSAi0SAo0hSqh4+XmXOIIndRYMM=,oBykP5SC5QSSBf7vWkp4vltyDPo=
-32,-40,YSAi0SAo0hSqh4+XmXOIIndRYMM=,oBykP5SC5QSSBf7vWkp4vltyDPo=
-20,-48,YSAi0SAo0hSqh4+XmXOIIndRYMM=,FjDUWzCE04jIBN98n+4HK3jYpGQ=
-32,-36,YSAi0SAo0hSqh4+XmXOIIndRYMM=,oBykP5SC5QSSBf7vWkp4vltyDPo=
-32,-35,YSAi0SAo0hSqh4+XmXOIIndRYMM=,oBykP5SC5QSSBf7vWkp4vltyDPo=
-19,-48,YSAi0SAo0hSqh4+XmXOIIndRYMM=,FjDUWzCE04jIBN98n+4HK3jYpGQ=
-18,-48,YSAi0SAo0hSqh4+XmXOIIndRYMM=,FjDUWzCE04jIBN98n+4HK3jYpGQ=
-24,-48,YSAi0SAo0hSqh4+XmXOIIndRYMM=,FjDUWzCE04jIBN98n+4HK3jYpGQ=
-17,-48,YSAi0SAo0hSqh4+XmXOIIndRYMM=,FjDUWzCE04jIBN98n+4HK3jYpGQ=
-26,-35,YSAi0SAo0hSqh4+XmXOIIndRYMM=,oBykP5SC5QSSBf7vWkp4vltyDPo=
-27,-34,YSAi0SAo0hSqh4+XmXOIIndRYMM=,oBykP5SC5QSSBf7vWkp4vltyDPo=
-22,-36,YSAi0SAo0hSqh4+XmXOIIndRYMM=,snZK6RDXGHByRoAA38h69wUxDug=
-23,-34,YSAi0SAo0hSqh4+XmXOIIndRYMM=,snZK6RDXGHByRoAA38h69wUxDug=
-28,-33,YSAi0SAo0hSqh4+XmXOIIndRYMM=,oBykP5SC5QSSBf7vWkp4vltyDPo=
-27,-33,YSAi0SAo0hSqh4+XmXOIIndRYMM=,oBykP5SC5QSSBf7vWkp4vltyDPo=
-23,-36,YSAi0SAo0hSqh4+XmXOIIndRYMM=,snZK6RDXGHByRoAA38h69wUxDug=
-24,-33,YSAi0SAo0hSqh4+XmXOIIndRYMM=,snZK6RDXGHByRoAA38h69wUxDug=
-26,-33,YSAi0SAo0hSqh4+XmXOIIndRYMM=,oBykP5SC5QSSBf7vWkp4vltyDPo=
-24,-36,YSAi0SAo0hSqh4+XmXOIIndRYMM=,snZK6RDXGHByRoAA38h69wUxDug=
-24,-35,YSAi0SAo0hSqh4+XmXOIIndRYMM=,snZK6RDXGHByRoAA38h69wUxDug=
-32,-33,YSAi0SAo0hSqh4+XmXOIIndRYMM=,oBykP5SC5QSSBf7vWkp4vltyDPo=
-25,-35,YSAi0SAo0hSqh4+XmXOIIndRYMM=,oBykP5SC5QSSBf7vWkp4vltyDPo=
-30,-34,YSAi0SAo0hSqh4+XmXOIIndRYMM=,oBykP5SC5QSSBf7vWkp4vltyDPo=
-25,-34,YSAi0SAo0hSqh4+XmXOIIndRYMM=,oBykP5SC5QSSBf7vWkp4vltyDPo=
-32,-34,YSAi0SAo0hSqh4+XmXOIIndRYMM=,oBykP5SC5QSSBf7vWkp4vltyDPo=
-29,-34,YSAi0SAo0hSqh4+XmXOIIndRYMM=,oBykP5SC5QSSBf7vWkp4vltyDPo=
-26,-34,YSAi0SAo0hSqh4+XmXOIIndRYMM=,oBykP5SC5QSSBf7vWkp4vltyDPo=
-23,-35,YSAi0SAo0hSqh4+XmXOIIndRYMM=,snZK6RDXGHByRoAA38h69wUxDug=
-25,-33,YSAi0SAo0hSqh4+XmXOIIndRYMM=,oBykP5SC5QSSBf7vWkp4vltyDPo=
-30,-33,YSAi0SAo0hSqh4+XmXOIIndRYMM=,oBykP5SC5QSSBf7vWkp4vltyDPo=
-25,-36,YSAi0SAo0hSqh4+XmXOIIndRYMM=,oBykP5SC5QSSBf7vWkp4vltyDPo=
-31,-33,YSAi0SAo0hSqh4+XmXOIIndRYMM=,oBykP5SC5QSSBf7vWkp4vltyDPo=
-29,-33,YSAi0SAo0hSqh4+XmXOIIndRYMM=,oBykP5SC5QSSBf7vWkp4vltyDPo=
-24,-34,YSAi0SAo0hSqh4+XmXOIIndRYMM=,snZK6RDXGHByRoAA38h69wUxDug=
