13,41,OFqPYY+G1p5loPUQP7Vd56s44CE=,gYED/jHcR4GfG8MrXbAvRyZ3vFQ=
14,41,OFqPYY+G1p5loPUQP7Vd56s44CE=,gYED/jHcR4GfG8MrXbAvRyZ3vFQ=
12,42,OFqPYY+G1p5loPUQP7Vd56s44CE=,gYED/jHcR4GfG8MrXbAvRyZ3vFQ=
13,42,OFqPYY+G1p5loPUQP7Vd56s44CE=,gYED/jHcR4GfG8MrXbAvRyZ3vFQ=
14,42,OFqPYY+G1p5loPUQP7Vd56s44CE=,gYED/jHcR4GfG8MrXbAvRyZ3vFQ=
12,43,OFqPYY+G1p5loPUQP7Vd56s44CE=,gYED/jHcR4GfG8MrXbAvRyZ3vFQ=
3,41,OFqPYY+G1p5loPUQP7Vd56s44CE=,ZEj1cfhTcdwfnvIJkQbxjQrrB40=
4,41,HAdm5/KOFP2Y1Aur9DBDbnW4G8c=,ZEj1cfhTcdwfnvIJkQbxjQrrB40=
5,41,HAdm5/KOFP2Y1Aur9DBDbnW4G8c=,ZEj1cfhTcdwfnvIJkQbxjQrrB40=
6,41,HAdm5/KOFP2Y1Aur9DBDbnW4G8c=,ZEj1cfhTcdwfnvIJkQbxjQrrB40=
3,42,HAdm5/KOFP2Y1Aur9DBDbnW4G8c=,ZEj1cfhTcdwfnvIJkQbxjQrrB40=
4,42,HAdm5/KOFP2Y1Aur9DBDbnW4G8c=,ZEj1cfhTcdwfnvIJkQbxjQrrB40=
5,42,HAdm5/KOFP2Y1Aur9DBDbnW4G8c=,ZEj1cfhTcdwfnvIJkQbxjQrrB40=
6,42,HAdm5/KOFP2Y1Aur9DBDbnW4G8c=,ZEj1cfhTcdwfnvIJkQbxjQrrB40=
3,43,mCXGoCk9ipnq+2DKVl+h2v/PSNo=,ZEj1cfhTcdwfnvIJkQbxjQrrB40=
4,43,mCXGoCk9ipnq+2DKVl+h2v/PSNo=,ZEj1cfhTcdwfnvIJkQbxjQrrB40=
5,43,mCXGoCk9ipnq+2DKVl+h2v/PSNo=,ZEj1cfhTcdwfnvIJkQbxjQrrB40=
6,43,mCXGoCk9ipnq+2DKVl+h2v/PSNo=,ZEj1cfhTcdwfnvIJkQbxjQrrB40=
3,44,mCXGoCk9ipnq+2DKVl+h2v/PSNo=,ZEj1cfhTcdwfnvIJkQbxjQrrB40=
8,45,mCXGoCk9ipnq+2DKVl+h2v/PSNo=,gYED/jHcR4GfG8MrXbAvRyZ3vFQ=
4,44,mCXGoCk9ipnq+2DKVl+h2v/PSNo=,ZEj1cfhTcdwfnvIJkQbxjQrrB40=
5,44,mCXGoCk9ipnq+2DKVl+h2v/PSNo=,ZEj1cfhTcdwfnvIJkQbxjQrrB40=
6,44,mCXGoCk9ipnq+2DKVl+h2v/PSNo=,ZEj1cfhTcdwfnvIJkQbxjQrrB40=
8,46,mCXGoCk9ipnq+2DKVl+h2v/PSNo=,gYED/jHcR4GfG8MrXbAvRyZ3vFQ=
3,45,mCXGoCk9ipnq+2DKVl+h2v/PSNo=,ZEj1cfhTcdwfnvIJkQbxjQrrB40=
4,45,mCXGoCk9ipnq+2DKVl+h2v/PSNo=,ZEj1cfhTcdwfnvIJkQbxjQrrB40=
5,45,mCXGoCk9ipnq+2DKVl+h2v/PSNo=,ZEj1cfhTcdwfnvIJkQbxjQrrB40=
6,45,mCXGoCk9ipnq+2DKVl+h2v/PSNo=,ZEj1cfhTcdwfnvIJkQbxjQrrB40=
7,45,mCXGoCk9ipnq+2DKVl+h2v/PSNo=,ZEj1cfhTcdwfnvIJkQbxjQrrB40=
3,46,mCXGoCk9ipnq+2DKVl+h2v/PSNo=,ZEj1cfhTcdwfnvIJkQbxjQrrB40=
4,46,mCXGoCk9ipnq+2DKVl+h2v/PSNo=,ZEj1cfhTcdwfnvIJkQbxjQrrB40=
5,46,mCXGoCk9ipnq+2DKVl+h2v/PSNo=,ZEj1cfhTcdwfnvIJkQbxjQrrB40=
6,46,mCXGoCk9ipnq+2DKVl+h2v/PSNo=,ZEj1cfhTcdwfnvIJkQbxjQrrB40=
7,46,mCXGoCk9ipnq+2DKVl+h2v/PSNo=,ZEj1cfhTcdwfnvIJkQbxjQrrB40=
15,41,mCXGoCk9ipnq+2DKVl+h2v/PSNo=,gYED/jHcR4GfG8MrXbAvRyZ3vFQ=
15,42,mCXGoCk9ipnq+2DKVl+h2v/PSNo=,gYED/jHcR4GfG8MrXbAvRyZ3vFQ=
15,43,mCXGoCk9ipnq+2DKVl+h2v/PSNo=,gYED/jHcR4GfG8MrXbAvRyZ3vFQ=
12,33,mCXGoCk9ipnq+2DKVl+h2v/PSNo=,LofcjoqaEpb6xAiTODWr2Vfil/Q=
15,44,mCXGoCk9ipnq+2DKVl+h2v/PSNo=,gYED/jHcR4GfG8MrXbAvRyZ3vFQ=
14,38,mCXGoCk9ipnq+2DKVl+h2v/PSNo=,LofcjoqaEpb6xAiTODWr2Vfil/Q=
15,45,mCXGoCk9ipnq+2DKVl+h2v/PSNo=,gYED/jHcR4GfG8MrXbAvRyZ3vFQ=
15,46,mCXGoCk9ipnq+2DKVl+h2v/PSNo=,gYED/jHcR4GfG8MrXbAvRyZ3vFQ=
15,38,mCXGoCk9ipnq+2DKVl+h2v/PSNo=,LofcjoqaEpb6xAiTODWr2Vfil/Q=
14,39,mCXGoCk9ipnq+2DKVl+h2v/PSNo=,LofcjoqaEpb6xAiTODWr2Vfil/Q=
15,39,mCXGoCk9ipnq+2DKVl+h2v/PSNo=,LofcjoqaEpb6xAiTODWr2Vfil/Q=
12,34,mCXGoCk9ipnq+2DKVl+h2v/PSNo=,LofcjoqaEpb6xAiTODWr2Vfil/Q=
15,34,mCXGoCk9ipnq+2DKVl+h2v/PSNo=,LofcjoqaEpb6xAiTODWr2Vfil/Q=
15,35,mCXGoCk9ipnq+2DKVl+h2v/PSNo=,LofcjoqaEpb6xAiTODWr2Vfil/Q=
11,36,mCXGoCk9ipnq+2DKVl+h2v/PSNo=,LofcjoqaEpb6xAiTODWr2Vfil/Q=
14,36,mCXGoCk9ipnq+2DKVl+h2v/PSNo=,LofcjoqaEpb6xAiTODWr2Vfil/Q=
15,36,mCXGoCk9ipnq+2DKVl+h2v/PSNo=,LofcjoqaEpb6xAiTODWr2Vfil/Q=
15,37,mCXGoCk9ipnq+2DKVl+h2v/PSNo=,LofcjoqaEpb6xAiTODWr2Vfil/Q=
13,40,mCXGoCk9ipnq+2DKVl+h2v/PSNo=,gYED/jHcR4GfG8MrXbAvRyZ3vFQ=
14,40,mCXGoCk9ipnq+2DKVl+h2v/PSNo=,gYED/jHcR4GfG8MrXbAvRyZ3vFQ=
15,40,mCXGoCk9ipnq+2DKVl+h2v/PSNo=,gYED/jHcR4GfG8MrXbAvRyZ3vFQ=
12,40,mCXGoCk9ipnq+2DKVl+h2v/PSNo=,gYED/jHcR4GfG8MrXbAvRyZ3vFQ=
14,37,mCXGoCk9ipnq+2DKVl+h2v/PSNo=,LofcjoqaEpb6xAiTODWr2Vfil/Q=
12,41,mCXGoCk9ipnq+2DKVl+h2v/PSNo=,gYED/jHcR4GfG8MrXbAvRyZ3vFQ=
13,37,mCXGoCk9ipnq+2DKVl+h2v/PSNo=,LofcjoqaEpb6xAiTODWr2Vfil/Q=
12,38,mCXGoCk9ipnq+2DKVl+h2v/PSNo=,LofcjoqaEpb6xAiTODWr2Vfil/Q=
12,37,mCXGoCk9ipnq+2DKVl+h2v/PSNo=,LofcjoqaEpb6xAiTODWr2Vfil/Q=
14,46,mCXGoCk9ipnq+2DKVl+h2v/PSNo=,gYED/jHcR4GfG8MrXbAvRyZ3vFQ=
13,36,mCXGoCk9ipnq+2DKVl+h2v/PSNo=,LofcjoqaEpb6xAiTODWr2Vfil/Q=
12,36,mCXGoCk9ipnq+2DKVl+h2v/PSNo=,LofcjoqaEpb6xAiTODWr2Vfil/Q=
13,39,mCXGoCk9ipnq+2DKVl+h2v/PSNo=,LofcjoqaEpb6xAiTODWr2Vfil/Q=
13,38,mCXGoCk9ipnq+2DKVl+h2v/PSNo=,LofcjoqaEpb6xAiTODWr2Vfil/Q=
13,46,mCXGoCk9ipnq+2DKVl+h2v/PSNo=,gYED/jHcR4GfG8MrXbAvRyZ3vFQ=
14,45,mCXGoCk9ipnq+2DKVl+h2v/PSNo=,gYED/jHcR4GfG8MrXbAvRyZ3vFQ=
9,46,mCXGoCk9ipnq+2DKVl+h2v/PSNo=,gYED/jHcR4GfG8MrXbAvRyZ3vFQ=
13,44,mCXGoCk9ipnq+2DKVl+h2v/PSNo=,gYED/jHcR4GfG8MrXbAvRyZ3vFQ=
14,43,mCXGoCk9ipnq+2DKVl+h2v/PSNo=,gYED/jHcR4GfG8MrXbAvRyZ3vFQ=
13,43,mCXGoCk9ipnq+2DKVl+h2v/PSNo=,gYED/jHcR4GfG8MrXbAvRyZ3vFQ=
12,39,mCXGoCk9ipnq+2DKVl+h2v/PSNo=,LofcjoqaEpb6xAiTODWr2Vfil/Q=
13,45,mCXGoCk9ipnq+2DKVl+h2v/PSNo=,gYED/jHcR4GfG8MrXbAvRyZ3vFQ=
14,44,mCXGoCk9ipnq+2DKVl+h2v/PSNo=,gYED/jHcR4GfG8MrXbAvRyZ3vFQ=
13,32,mCXGoCk9ipnq+2DKVl+h2v/PSNo=,LofcjoqaEpb6xAiTODWr2Vfil/Q=
8,32,mCXGoCk9ipnq+2DKVl+h2v/PSNo=,LofcjoqaEpb6xAiTODWr2Vfil/Q=
6,36,mCXGoCk9ipnq+2DKVl+h2v/PSNo=,YzH8JMn5V0uZjAOk9Y/Tvux7tNU=
7,36,mCXGoCk9ipnq+2DKVl+h2v/PSNo=,YzH8JMn5V0uZjAOk9Y/Tvux7tNU=
8,34,mCXGoCk9ipnq+2DKVl+h2v/PSNo=,LofcjoqaEpb6xAiTODWr2Vfil/Q=
8,39,erIu7EJFKwe8UtjkXA3LOos1FHs=,LofcjoqaEpb6xAiTODWr2Vfil/Q=
7,37,erIu7EJFKwe8UtjkXA3LOos1FHs=,YzH8JMn5V0uZjAOk9Y/Tvux7tNU=
8,33,PczR2eMjPBNTFWkdu2TJCWNEY00=,LofcjoqaEpb6xAiTODWr2Vfil/Q=
6,33,PczR2eMjPBNTFWkdu2TJCWNEY00=,YzH8JMn5V0uZjAOk9Y/Tvux7tNU=
5,36,PczR2eMjPBNTFWkdu2TJCWNEY00=,YzH8JMn5V0uZjAOk9Y/Tvux7tNU=
6,37,PczR2eMjPBNTFWkdu2TJCWNEY00=,YzH8JMn5V0uZjAOk9Y/Tvux7tNU=
4,33,9H5p69HzYoJERodhKV9USLsQlyI=,YzH8JMn5V0uZjAOk9Y/Tvux7tNU=
9,47,9H5p69HzYoJERodhKV9USLsQlyI=,gYED/jHcR4GfG8MrXbAvRyZ3vFQ=
13,47,9H5p69HzYoJERodhKV9USLsQlyI=,gYED/jHcR4GfG8MrXbAvRyZ3vFQ=
14,47,9H5p69HzYoJERodhKV9USLsQlyI=,gYED/jHcR4GfG8MrXbAvRyZ3vFQ=
5,33,9H5p69HzYoJERodhKV9USLsQlyI=,YzH8JMn5V0uZjAOk9Y/Tvux7tNU=
12,47,9H5p69HzYoJERodhKV9USLsQlyI=,gYED/jHcR4GfG8MrXbAvRyZ3vFQ=
12,44,9H5p69HzYoJERodhKV9USLsQlyI=,gYED/jHcR4GfG8MrXbAvRyZ3vFQ=
8,47,9H5p69HzYoJERodhKV9USLsQlyI=,gYED/jHcR4GfG8MrXbAvRyZ3vFQ=
12,45,9H5p69HzYoJERodhKV9USLsQlyI=,gYED/jHcR4GfG8MrXbAvRyZ3vFQ=
3,47,9H5p69HzYoJERodhKV9USLsQlyI=,ZEj1cfhTcdwfnvIJkQbxjQrrB40=
4,47,9H5p69HzYoJERodhKV9USLsQlyI=,ZEj1cfhTcdwfnvIJkQbxjQrrB40=
12,46,9H5p69HzYoJERodhKV9USLsQlyI=,gYED/jHcR4GfG8MrXbAvRyZ3vFQ=
15,47,9H5p69HzYoJERodhKV9USLsQlyI=,gYED/jHcR4GfG8MrXbAvRyZ3vFQ=
7,40,9H5p69HzYoJERodhKV9USLsQlyI=,ZEj1cfhTcdwfnvIJkQbxjQrrB40=
6,39,9H5p69HzYoJERodhKV9USLsQlyI=,YzH8JMn5V0uZjAOk9Y/Tvux7tNU=
11,47,9H5p69HzYoJERodhKV9USLsQlyI=,gYED/jHcR4GfG8MrXbAvRyZ3vFQ=
10,47,9H5p69HzYoJERodhKV9USLsQlyI=,gYED/jHcR4GfG8MrXbAvRyZ3vFQ=
9,44,9H5p69HzYoJERodhKV9USLsQlyI=,gYED/jHcR4GfG8MrXbAvRyZ3vFQ=
7,39,K7ZNGad1Jf1K1rNRx+yTQWsFyGo=,YzH8JMn5V0uZjAOk9Y/Tvux7tNU=
5,39,K7ZNGad1Jf1K1rNRx+yTQWsFyGo=,YzH8JMn5V0uZjAOk9Y/Tvux7tNU=
8,38,K7ZNGad1Jf1K1rNRx+yTQWsFyGo=,LofcjoqaEpb6xAiTODWr2Vfil/Q=
10,44,K7ZNGad1Jf1K1rNRx+yTQWsFyGo=,gYED/jHcR4GfG8MrXbAvRyZ3vFQ=
7,47,K7ZNGad1Jf1K1rNRx+yTQWsFyGo=,ZEj1cfhTcdwfnvIJkQbxjQrrB40=
4,39,K7ZNGad1Jf1K1rNRx+yTQWsFyGo=,YzH8JMn5V0uZjAOk9Y/Tvux7tNU=
6,47,K7ZNGad1Jf1K1rNRx+yTQWsFyGo=,ZEj1cfhTcdwfnvIJkQbxjQrrB40=
5,47,K7ZNGad1Jf1K1rNRx+yTQWsFyGo=,ZEj1cfhTcdwfnvIJkQbxjQrrB40=
11,44,K7ZNGad1Jf1K1rNRx+yTQWsFyGo=,gYED/jHcR4GfG8MrXbAvRyZ3vFQ=
9,45,K7ZNGad1Jf1K1rNRx+yTQWsFyGo=,gYED/jHcR4GfG8MrXbAvRyZ3vFQ=
6,40,K7ZNGad1Jf1K1rNRx+yTQWsFyGo=,ZEj1cfhTcdwfnvIJkQbxjQrrB40=
4,36,K7ZNGad1Jf1K1rNRx+yTQWsFyGo=,YzH8JMn5V0uZjAOk9Y/Tvux7tNU=
11,32,K7ZNGad1Jf1K1rNRx+yTQWsFyGo=,LofcjoqaEpb6xAiTODWr2Vfil/Q=
7,44,K7ZNGad1Jf1K1rNRx+yTQWsFyGo=,ZEj1cfhTcdwfnvIJkQbxjQrrB40=
8,44,K7ZNGad1Jf1K1rNRx+yTQWsFyGo=,gYED/jHcR4GfG8MrXbAvRyZ3vFQ=
10,45,K7ZNGad1Jf1K1rNRx+yTQWsFyGo=,gYED/jHcR4GfG8MrXbAvRyZ3vFQ=
8,40,K7ZNGad1Jf1K1rNRx+yTQWsFyGo=,gYED/jHcR4GfG8MrXbAvRyZ3vFQ=
10,32,MAbc5S0Wv+8phpYfIUw1jZYlu/A=,LofcjoqaEpb6xAiTODWr2Vfil/Q=
11,45,MAbc5S0Wv+8phpYfIUw1jZYlu/A=,gYED/jHcR4GfG8MrXbAvRyZ3vFQ=
10,46,MAbc5S0Wv+8phpYfIUw1jZYlu/A=,gYED/jHcR4GfG8MrXbAvRyZ3vFQ=
11,46,MAbc5S0Wv+8phpYfIUw1jZYlu/A=,gYED/jHcR4GfG8MrXbAvRyZ3vFQ=
9,32,MAbc5S0Wv+8phpYfIUw1jZYlu/A=,LofcjoqaEpb6xAiTODWr2Vfil/Q=
11,38,MAbc5S0Wv+8phpYfIUw1jZYlu/A=,LofcjoqaEpb6xAiTODWr2Vfil/Q=
7,32,MAbc5S0Wv+8phpYfIUw1jZYlu/A=,YzH8JMn5V0uZjAOk9Y/Tvux7tNU=
8,37,MAbc5S0Wv+8phpYfIUw1jZYlu/A=,LofcjoqaEpb6xAiTODWr2Vfil/Q=
7,34,MAbc5S0Wv+8phpYfIUw1jZYlu/A=,YzH8JMn5V0uZjAOk9Y/Tvux7tNU=
10,38,MAbc5S0Wv+8phpYfIUw1jZYlu/A=,LofcjoqaEpb6xAiTODWr2Vfil/Q=
11,40,MAbc5S0Wv+8phpYfIUw1jZYlu/A=,gYED/jHcR4GfG8MrXbAvRyZ3vFQ=
7,38,MAbc5S0Wv+8phpYfIUw1jZYlu/A=,YzH8JMn5V0uZjAOk9Y/Tvux7tNU=
9,38,MAbc5S0Wv+8phpYfIUw1jZYlu/A=,LofcjoqaEpb6xAiTODWr2Vfil/Q=
11,37,MAbc5S0Wv+8phpYfIUw1jZYlu/A=,LofcjoqaEpb6xAiTODWr2Vfil/Q=
10,40,MAbc5S0Wv+8phpYfIUw1jZYlu/A=,gYED/jHcR4GfG8MrXbAvRyZ3vFQ=
9,40,MAbc5S0Wv+8phpYfIUw1jZYlu/A=,gYED/jHcR4GfG8MrXbAvRyZ3vFQ=
10,37,MAbc5S0Wv+8phpYfIUw1jZYlu/A=,LofcjoqaEpb6xAiTODWr2Vfil/Q=
10,36,MAbc5S0Wv+8phpYfIUw1jZYlu/A=,LofcjoqaEpb6xAiTODWr2Vfil/Q=
11,35,MAbc5S0Wv+8phpYfIUw1jZYlu/A=,LofcjoqaEpb6xAiTODWr2Vfil/Q=
9,36,MAbc5S0Wv+8phpYfIUw1jZYlu/A=,LofcjoqaEpb6xAiTODWr2Vfil/Q=
9,37,MAbc5S0Wv+8phpYfIUw1jZYlu/A=,LofcjoqaEpb6xAiTODWr2Vfil/Q=
11,34,MAbc5S0Wv+8phpYfIUw1jZYlu/A=,LofcjoqaEpb6xAiTODWr2Vfil/Q=
9,35,MAbc5S0Wv+8phpYfIUw1jZYlu/A=,LofcjoqaEpb6xAiTODWr2Vfil/Q=
10,35,MAbc5S0Wv+8phpYfIUw1jZYlu/A=,LofcjoqaEpb6xAiTODWr2Vfil/Q=
9,34,MAbc5S0Wv+8phpYfIUw1jZYlu/A=,LofcjoqaEpb6xAiTODWr2Vfil/Q=
10,34,MAbc5S0Wv+8phpYfIUw1jZYlu/A=,LofcjoqaEpb6xAiTODWr2Vfil/Q=
11,39,MAbc5S0Wv+8phpYfIUw1jZYlu/A=,LofcjoqaEpb6xAiTODWr2Vfil/Q=
10,39,MAbc5S0Wv+8phpYfIUw1jZYlu/A=,LofcjoqaEpb6xAiTODWr2Vfil/Q=
11,33,MAbc5S0Wv+8phpYfIUw1jZYlu/A=,LofcjoqaEpb6xAiTODWr2Vfil/Q=
9,39,MAbc5S0Wv+8phpYfIUw1jZYlu/A=,LofcjoqaEpb6xAiTODWr2Vfil/Q=
9,33,MAbc5S0Wv+8phpYfIUw1jZYlu/A=,LofcjoqaEpb6xAiTODWr2Vfil/Q=
10,33,MAbc5S0Wv+8phpYfIUw1jZYlu/A=,LofcjoqaEpb6xAiTODWr2Vfil/Q=
8,41,MAbc5S0Wv+8phpYfIUw1jZYlu/A=,gYED/jHcR4GfG8MrXbAvRyZ3vFQ=
7,42,MAbc5S0Wv+8phpYfIUw1jZYlu/A=,ZEj1cfhTcdwfnvIJkQbxjQrrB40=
7,41,MAbc5S0Wv+8phpYfIUw1jZYlu/A=,ZEj1cfhTcdwfnvIJkQbxjQrrB40=
8,43,MAbc5S0Wv+8phpYfIUw1jZYlu/A=,gYED/jHcR4GfG8MrXbAvRyZ3vFQ=
7,43,MAbc5S0Wv+8phpYfIUw1jZYlu/A=,ZEj1cfhTcdwfnvIJkQbxjQrrB40=
11,43,MAbc5S0Wv+8phpYfIUw1jZYlu/A=,gYED/jHcR4GfG8MrXbAvRyZ3vFQ=
8,42,MAbc5S0Wv+8phpYfIUw1jZYlu/A=,gYED/jHcR4GfG8MrXbAvRyZ3vFQ=
10,43,MAbc5S0Wv+8phpYfIUw1jZYlu/A=,gYED/jHcR4GfG8MrXbAvRyZ3vFQ=
11,42,MAbc5S0Wv+8phpYfIUw1jZYlu/A=,gYED/jHcR4GfG8MrXbAvRyZ3vFQ=
9,43,MAbc5S0Wv+8phpYfIUw1jZYlu/A=,gYED/jHcR4GfG8MrXbAvRyZ3vFQ=
9,42,MAbc5S0Wv+8phpYfIUw1jZYlu/A=,gYED/jHcR4GfG8MrXbAvRyZ3vFQ=
10,42,MAbc5S0Wv+8phpYfIUw1jZYlu/A=,gYED/jHcR4GfG8MrXbAvRyZ3vFQ=
9,41,MAbc5S0Wv+8phpYfIUw1jZYlu/A=,gYED/jHcR4GfG8MrXbAvRyZ3vFQ=
11,41,MAbc5S0Wv+8phpYfIUw1jZYlu/A=,gYED/jHcR4GfG8MrXbAvRyZ3vFQ=
4,40,MAbc5S0Wv+8phpYfIUw1jZYlu/A=,ZEj1cfhTcdwfnvIJkQbxjQrrB40=
10,41,MAbc5S0Wv+8phpYfIUw1jZYlu/A=,gYED/jHcR4GfG8MrXbAvRyZ3vFQ=
4,38,MAbc5S0Wv+8phpYfIUw1jZYlu/A=,YzH8JMn5V0uZjAOk9Y/Tvux7tNU=
7,33,MAbc5S0Wv+8phpYfIUw1jZYlu/A=,YzH8JMn5V0uZjAOk9Y/Tvux7tNU=
6,35,MAbc5S0Wv+8phpYfIUw1jZYlu/A=,YzH8JMn5V0uZjAOk9Y/Tvux7tNU=
7,35,MAbc5S0Wv+8phpYfIUw1jZYlu/A=,YzH8JMn5V0uZjAOk9Y/Tvux7tNU=
8,35,MAbc5S0Wv+8phpYfIUw1jZYlu/A=,LofcjoqaEpb6xAiTODWr2Vfil/Q=
5,35,MAbc5S0Wv+8phpYfIUw1jZYlu/A=,YzH8JMn5V0uZjAOk9Y/Tvux7tNU=
5,40,MAbc5S0Wv+8phpYfIUw1jZYlu/A=,ZEj1cfhTcdwfnvIJkQbxjQrrB40=
5,38,MAbc5S0Wv+8phpYfIUw1jZYlu/A=,YzH8JMn5V0uZjAOk9Y/Tvux7tNU=
6,38,MAbc5S0Wv+8phpYfIUw1jZYlu/A=,YzH8JMn5V0uZjAOk9Y/Tvux7tNU=
8,36,MAbc5S0Wv+8phpYfIUw1jZYlu/A=,LofcjoqaEpb6xAiTODWr2Vfil/Q=
4,35,MAbc5S0Wv+8phpYfIUw1jZYlu/A=,YzH8JMn5V0uZjAOk9Y/Tvux7tNU=
4,32,MAbc5S0Wv+8phpYfIUw1jZYlu/A=,YzH8JMn5V0uZjAOk9Y/Tvux7tNU=
5,37,MAbc5S0Wv+8phpYfIUw1jZYlu/A=,YzH8JMn5V0uZjAOk9Y/Tvux7tNU=
6,32,MAbc5S0Wv+8phpYfIUw1jZYlu/A=,YzH8JMn5V0uZjAOk9Y/Tvux7tNU=
4,37,MAbc5S0Wv+8phpYfIUw1jZYlu/A=,YzH8JMn5V0uZjAOk9Y/Tvux7tNU=
5,34,MAbc5S0Wv+8phpYfIUw1jZYlu/A=,YzH8JMn5V0uZjAOk9Y/Tvux7tNU=
6,34,MAbc5S0Wv+8phpYfIUw1jZYlu/A=,YzH8JMn5V0uZjAOk9Y/Tvux7tNU=
4,34,MAbc5S0Wv+8phpYfIUw1jZYlu/A=,YzH8JMn5V0uZjAOk9Y/Tvux7tNU=
5,32,MAbc5S0Wv+8phpYfIUw1jZYlu/A=,YzH8JMn5V0uZjAOk9Y/Tvux7tNU=
2,41,MAbc5S0Wv+8phpYfIUw1jZYlu/A=,ZEj1cfhTcdwfnvIJkQbxjQrrB40=
15,32,MAbc5S0Wv+8phpYfIUw1jZYlu/A=,LofcjoqaEpb6xAiTODWr2Vfil/Q=
0,43,MAbc5S0Wv+8phpYfIUw1jZYlu/A=,ZEj1cfhTcdwfnvIJkQbxjQrrB40=
1,41,MAbc5S0Wv+8phpYfIUw1jZYlu/A=,ZEj1cfhTcdwfnvIJkQbxjQrrB40=
14,32,MAbc5S0Wv+8phpYfIUw1jZYlu/A=,LofcjoqaEpb6xAiTODWr2Vfil/Q=
12,32,MAbc5S0Wv+8phpYfIUw1jZYlu/A=,LofcjoqaEpb6xAiTODWr2Vfil/Q=
14,35,MAbc5S0Wv+8phpYfIUw1jZYlu/A=,LofcjoqaEpb6xAiTODWr2Vfil/Q=
13,35,MAbc5S0Wv+8phpYfIUw1jZYlu/A=,LofcjoqaEpb6xAiTODWr2Vfil/Q=
12,35,MAbc5S0Wv+8phpYfIUw1jZYlu/A=,LofcjoqaEpb6xAiTODWr2Vfil/Q=
14,34,MAbc5S0Wv+8phpYfIUw1jZYlu/A=,LofcjoqaEpb6xAiTODWr2Vfil/Q=
0,39,MAbc5S0Wv+8phpYfIUw1jZYlu/A=,YzH8JMn5V0uZjAOk9Y/Tvux7tNU=
13,34,MAbc5S0Wv+8phpYfIUw1jZYlu/A=,LofcjoqaEpb6xAiTODWr2Vfil/Q=
15,33,MAbc5S0Wv+8phpYfIUw1jZYlu/A=,LofcjoqaEpb6xAiTODWr2Vfil/Q=
14,33,MAbc5S0Wv+8phpYfIUw1jZYlu/A=,LofcjoqaEpb6xAiTODWr2Vfil/Q=
13,33,MAbc5S0Wv+8phpYfIUw1jZYlu/A=,LofcjoqaEpb6xAiTODWr2Vfil/Q=
0,40,MAbc5S0Wv+8phpYfIUw1jZYlu/A=,ZEj1cfhTcdwfnvIJkQbxjQrrB40=
0,38,MAbc5S0Wv+8phpYfIUw1jZYlu/A=,YzH8JMn5V0uZjAOk9Y/Tvux7tNU=
3,37,MAbc5S0Wv+8phpYfIUw1jZYlu/A=,YzH8JMn5V0uZjAOk9Y/Tvux7tNU=
0,47,MAbc5S0Wv+8phpYfIUw1jZYlu/A=,ZEj1cfhTcdwfnvIJkQbxjQrrB40=
0,42,MAbc5S0Wv+8phpYfIUw1jZYlu/A=,ZEj1cfhTcdwfnvIJkQbxjQrrB40=
0,46,MAbc5S0Wv+8phpYfIUw1jZYlu/A=,ZEj1cfhTcdwfnvIJkQbxjQrrB40=
0,41,MAbc5S0Wv+8phpYfIUw1jZYlu/A=,ZEj1cfhTcdwfnvIJkQbxjQrrB40=
3,40,MAbc5S0Wv+8phpYfIUw1jZYlu/A=,ZEj1cfhTcdwfnvIJkQbxjQrrB40=
0,45,MAbc5S0Wv+8phpYfIUw1jZYlu/A=,ZEj1cfhTcdwfnvIJkQbxjQrrB40=
1,36,MAbc5S0Wv+8phpYfIUw1jZYlu/A=,YzH8JMn5V0uZjAOk9Y/Tvux7tNU=
2,40,MAbc5S0Wv+8phpYfIUw1jZYlu/A=,ZEj1cfhTcdwfnvIJkQbxjQrrB40=
0,44,MAbc5S0Wv+8phpYfIUw1jZYlu/A=,ZEj1cfhTcdwfnvIJkQbxjQrrB40=
1,38,MAbc5S0Wv+8phpYfIUw1jZYlu/A=,YzH8JMn5V0uZjAOk9Y/Tvux7tNU=
2,47,MAbc5S0Wv+8phpYfIUw1jZYlu/A=,ZEj1cfhTcdwfnvIJkQbxjQrrB40=
2,37,MAbc5S0Wv+8phpYfIUw1jZYlu/A=,YzH8JMn5V0uZjAOk9Y/Tvux7tNU=
1,40,MAbc5S0Wv+8phpYfIUw1jZYlu/A=,ZEj1cfhTcdwfnvIJkQbxjQrrB40=
2,43,MAbc5S0Wv+8phpYfIUw1jZYlu/A=,ZEj1cfhTcdwfnvIJkQbxjQrrB40=
0,37,MAbc5S0Wv+8phpYfIUw1jZYlu/A=,YzH8JMn5V0uZjAOk9Y/Tvux7tNU=
1,47,MAbc5S0Wv+8phpYfIUw1jZYlu/A=,ZEj1cfhTcdwfnvIJkQbxjQrrB40=
2,46,MAbc5S0Wv+8phpYfIUw1jZYlu/A=,ZEj1cfhTcdwfnvIJkQbxjQrrB40=
1,43,MAbc5S0Wv+8phpYfIUw1jZYlu/A=,ZEj1cfhTcdwfnvIJkQbxjQrrB40=
0,36,MAbc5S0Wv+8phpYfIUw1jZYlu/A=,YzH8JMn5V0uZjAOk9Y/Tvux7tNU=
1,46,MAbc5S0Wv+8phpYfIUw1jZYlu/A=,ZEj1cfhTcdwfnvIJkQbxjQrrB40=
2,45,MAbc5S0Wv+8phpYfIUw1jZYlu/A=,ZEj1cfhTcdwfnvIJkQbxjQrrB40=
2,44,MAbc5S0Wv+8phpYfIUw1jZYlu/A=,ZEj1cfhTcdwfnvIJkQbxjQrrB40=
2,42,MAbc5S0Wv+8phpYfIUw1jZYlu/A=,ZEj1cfhTcdwfnvIJkQbxjQrrB40=
1,45,MAbc5S0Wv+8phpYfIUw1jZYlu/A=,ZEj1cfhTcdwfnvIJkQbxjQrrB40=
1,44,MAbc5S0Wv+8phpYfIUw1jZYlu/A=,ZEj1cfhTcdwfnvIJkQbxjQrrB40=
1,42,MAbc5S0Wv+8phpYfIUw1jZYlu/A=,ZEj1cfhTcdwfnvIJkQbxjQrrB40=
2,36,MAbc5S0Wv+8phpYfIUw1jZYlu/A=,YzH8JMn5V0uZjAOk9Y/Tvux7tNU=
0,32,MAbc5S0Wv+8phpYfIUw1jZYlu/A=,YzH8JMn5V0uZjAOk9Y/Tvux7tNU=
2,38,MAbc5S0Wv+8phpYfIUw1jZYlu/A=,YzH8JMn5V0uZjAOk9Y/Tvux7tNU=
3,38,MAbc5S0Wv+8phpYfIUw1jZYlu/A=,YzH8JMn5V0uZjAOk9Y/Tvux7tNU=
3,36,MAbc5S0Wv+8phpYfIUw1jZYlu/A=,YzH8JMn5V0uZjAOk9Y/Tvux7tNU=
3,39,MAbc5S0Wv+8phpYfIUw1jZYlu/A=,YzH8JMn5V0uZjAOk9Y/Tvux7tNU=
1,37,MAbc5S0Wv+8phpYfIUw1jZYlu/A=,YzH8JMn5V0uZjAOk9Y/Tvux7tNU=
3,34,MAbc5S0Wv+8phpYfIUw1jZYlu/A=,YzH8JMn5V0uZjAOk9Y/Tvux7tNU=
2,34,MAbc5S0Wv+8phpYfIUw1jZYlu/A=,YzH8JMn5V0uZjAOk9Y/Tvux7tNU=
1,39,MAbc5S0Wv+8phpYfIUw1jZYlu/A=,YzH8JMn5V0uZjAOk9Y/Tvux7tNU=
2,39,MAbc5S0Wv+8phpYfIUw1jZYlu/A=,YzH8JMn5V0uZjAOk9Y/Tvux7tNU=
0,34,MAbc5S0Wv+8phpYfIUw1jZYlu/A=,YzH8JMn5V0uZjAOk9Y/Tvux7tNU=
1,35,MAbc5S0Wv+8phpYfIUw1jZYlu/A=,YzH8JMn5V0uZjAOk9Y/Tvux7tNU=
0,35,MAbc5S0Wv+8phpYfIUw1jZYlu/A=,YzH8JMn5V0uZjAOk9Y/Tvux7tNU=
2,35,MAbc5S0Wv+8phpYfIUw1jZYlu/A=,YzH8JMn5V0uZjAOk9Y/Tvux7tNU=
0,33,MAbc5S0Wv+8phpYfIUw1jZYlu/A=,YzH8JMn5V0uZjAOk9Y/Tvux7tNU=
1,33,MAbc5S0Wv+8phpYfIUw1jZYlu/A=,YzH8JMn5V0uZjAOk9Y/Tvux7tNU=
2,33,MAbc5S0Wv+8phpYfIUw1jZYlu/A=,YzH8JMn5V0uZjAOk9Y/Tvux7tNU=
3,35,MAbc5S0Wv+8phpYfIUw1jZYlu/A=,YzH8JMn5V0uZjAOk9Y/Tvux7tNU=
1,34,MAbc5S0Wv+8phpYfIUw1jZYlu/A=,YzH8JMn5V0uZjAOk9Y/Tvux7tNU=
2,32,MAbc5S0Wv+8phpYfIUw1jZYlu/A=,YzH8JMn5V0uZjAOk9Y/Tvux7tNU=
1,32,MAbc5S0Wv+8phpYfIUw1jZYlu/A=,YzH8JMn5V0uZjAOk9Y/Tvux7tNU=
3,33,MAbc5S0Wv+8phpYfIUw1jZYlu/A=,YzH8JMn5V0uZjAOk9Y/Tvux7tNU=
3,32,MAbc5S0Wv+8phpYfIUw1jZYlu/A=,YzH8JMn5V0uZjAOk9Y/Tvux7tNU=
12,57,KgLbae9VO2GHYKN6d2BVaoseNuo=,GT4DozKqNGjFIx4SzAvIPCh5kTw=
14,62,KgLbae9VO2GHYKN6d2BVaoseNuo=,GT4DozKqNGjFIx4SzAvIPCh5kTw=
13,62,KgLbae9VO2GHYKN6d2BVaoseNuo=,GT4DozKqNGjFIx4SzAvIPCh5kTw=
14,61,KgLbae9VO2GHYKN6d2BVaoseNuo=,GT4DozKqNGjFIx4SzAvIPCh5kTw=
13,61,KgLbae9VO2GHYKN6d2BVaoseNuo=,GT4DozKqNGjFIx4SzAvIPCh5kTw=
14,60,KgLbae9VO2GHYKN6d2BVaoseNuo=,GT4DozKqNGjFIx4SzAvIPCh5kTw=
13,60,KgLbae9VO2GHYKN6d2BVaoseNuo=,GT4DozKqNGjFIx4SzAvIPCh5kTw=
14,58,KgLbae9VO2GHYKN6d2BVaoseNuo=,GT4DozKqNGjFIx4SzAvIPCh5kTw=
14,59,KgLbae9VO2GHYKN6d2BVaoseNuo=,GT4DozKqNGjFIx4SzAvIPCh5kTw=
13,58,KgLbae9VO2GHYKN6d2BVaoseNuo=,GT4DozKqNGjFIx4SzAvIPCh5kTw=
12,58,KgLbae9VO2GHYKN6d2BVaoseNuo=,GT4DozKqNGjFIx4SzAvIPCh5kTw=
11,58,KgLbae9VO2GHYKN6d2BVaoseNuo=,GT4DozKqNGjFIx4SzAvIPCh5kTw=
14,57,KgLbae9VO2GHYKN6d2BVaoseNuo=,GT4DozKqNGjFIx4SzAvIPCh5kTw=
13,59,KgLbae9VO2GHYKN6d2BVaoseNuo=,GT4DozKqNGjFIx4SzAvIPCh5kTw=
12,59,KgLbae9VO2GHYKN6d2BVaoseNuo=,GT4DozKqNGjFIx4SzAvIPCh5kTw=
1,57,7cHkUuqS+J5uaa6NZ0LlYX7kJyw=,fz3wENmgtz8jdBp0G6Po64fJhVg=
4,57,7cHkUuqS+J5uaa6NZ0LlYX7kJyw=,fz3wENmgtz8jdBp0G6Po64fJhVg=
6,57,7cHkUuqS+J5uaa6NZ0LlYX7kJyw=,fz3wENmgtz8jdBp0G6Po64fJhVg=
7,57,7cHkUuqS+J5uaa6NZ0LlYX7kJyw=,fz3wENmgtz8jdBp0G6Po64fJhVg=
1,59,7cHkUuqS+J5uaa6NZ0LlYX7kJyw=,fz3wENmgtz8jdBp0G6Po64fJhVg=
1,60,7cHkUuqS+J5uaa6NZ0LlYX7kJyw=,fz3wENmgtz8jdBp0G6Po64fJhVg=
2,60,7cHkUuqS+J5uaa6NZ0LlYX7kJyw=,fz3wENmgtz8jdBp0G6Po64fJhVg=
1,61,EYaVHClO9ynBm0HqQPtlWwTSjtA=,fz3wENmgtz8jdBp0G6Po64fJhVg=
2,61,EYaVHClO9ynBm0HqQPtlWwTSjtA=,fz3wENmgtz8jdBp0G6Po64fJhVg=
3,61,EYaVHClO9ynBm0HqQPtlWwTSjtA=,fz3wENmgtz8jdBp0G6Po64fJhVg=
4,61,EYaVHClO9ynBm0HqQPtlWwTSjtA=,fz3wENmgtz8jdBp0G6Po64fJhVg=
5,61,EYaVHClO9ynBm0HqQPtlWwTSjtA=,fz3wENmgtz8jdBp0G6Po64fJhVg=
2,62,EYaVHClO9ynBm0HqQPtlWwTSjtA=,fz3wENmgtz8jdBp0G6Po64fJhVg=
3,62,EYaVHClO9ynBm0HqQPtlWwTSjtA=,fz3wENmgtz8jdBp0G6Po64fJhVg=
4,62,EYaVHClO9ynBm0HqQPtlWwTSjtA=,fz3wENmgtz8jdBp0G6Po64fJhVg=
5,62,EYaVHClO9ynBm0HqQPtlWwTSjtA=,fz3wENmgtz8jdBp0G6Po64fJhVg=
6,55,EYaVHClO9ynBm0HqQPtlWwTSjtA=,VNthG/gFOLv1iHV2LMMCcst8CXA=
6,48,EYaVHClO9ynBm0HqQPtlWwTSjtA=,VNthG/gFOLv1iHV2LMMCcst8CXA=
4,51,cwlJ0EDVQWMeAei9ulU8Dhkh4ww=,VNthG/gFOLv1iHV2LMMCcst8CXA=
6,49,cwlJ0EDVQWMeAei9ulU8Dhkh4ww=,VNthG/gFOLv1iHV2LMMCcst8CXA=
6,56,cwlJ0EDVQWMeAei9ulU8Dhkh4ww=,fz3wENmgtz8jdBp0G6Po64fJhVg=
5,49,R+434hm5DeIg0OFDZ4qp6eWYfKw=,VNthG/gFOLv1iHV2LMMCcst8CXA=
5,56,R+434hm5DeIg0OFDZ4qp6eWYfKw=,fz3wENmgtz8jdBp0G6Po64fJhVg=
4,49,R+434hm5DeIg0OFDZ4qp6eWYfKw=,VNthG/gFOLv1iHV2LMMCcst8CXA=
5,55,R+434hm5DeIg0OFDZ4qp6eWYfKw=,VNthG/gFOLv1iHV2LMMCcst8CXA=
5,51,R+434hm5DeIg0OFDZ4qp6eWYfKw=,VNthG/gFOLv1iHV2LMMCcst8CXA=
4,48,R+434hm5DeIg0OFDZ4qp6eWYfKw=,VNthG/gFOLv1iHV2LMMCcst8CXA=
4,55,R+434hm5DeIg0OFDZ4qp6eWYfKw=,VNthG/gFOLv1iHV2LMMCcst8CXA=
4,50,unh9ZUt9tN4QvU6njthehRjb6DQ=,VNthG/gFOLv1iHV2LMMCcst8CXA=
5,48,unh9ZUt9tN4QvU6njthehRjb6DQ=,VNthG/gFOLv1iHV2LMMCcst8CXA=
5,50,unh9ZUt9tN4QvU6njthehRjb6DQ=,VNthG/gFOLv1iHV2LMMCcst8CXA=
6,50,unh9ZUt9tN4QvU6njthehRjb6DQ=,VNthG/gFOLv1iHV2LMMCcst8CXA=
15,58,unh9ZUt9tN4QvU6njthehRjb6DQ=,GT4DozKqNGjFIx4SzAvIPCh5kTw=
15,59,unh9ZUt9tN4QvU6njthehRjb6DQ=,GT4DozKqNGjFIx4SzAvIPCh5kTw=
15,61,unh9ZUt9tN4QvU6njthehRjb6DQ=,GT4DozKqNGjFIx4SzAvIPCh5kTw=
15,60,unh9ZUt9tN4QvU6njthehRjb6DQ=,GT4DozKqNGjFIx4SzAvIPCh5kTw=
15,62,unh9ZUt9tN4QvU6njthehRjb6DQ=,GT4DozKqNGjFIx4SzAvIPCh5kTw=
9,49,unh9ZUt9tN4QvU6njthehRjb6DQ=,5HpDgLWqNJO39urqAl7x9a56ftI=
13,49,unh9ZUt9tN4QvU6njthehRjb6DQ=,5HpDgLWqNJO39urqAl7x9a56ftI=
14,49,unh9ZUt9tN4QvU6njthehRjb6DQ=,5HpDgLWqNJO39urqAl7x9a56ftI=
15,49,unh9ZUt9tN4QvU6njthehRjb6DQ=,5HpDgLWqNJO39urqAl7x9a56ftI=
14,50,unh9ZUt9tN4QvU6njthehRjb6DQ=,5HpDgLWqNJO39urqAl7x9a56ftI=
13,50,unh9ZUt9tN4QvU6njthehRjb6DQ=,5HpDgLWqNJO39urqAl7x9a56ftI=
15,50,unh9ZUt9tN4QvU6njthehRjb6DQ=,5HpDgLWqNJO39urqAl7x9a56ftI=
14,51,aOfFkvTfCanrYgRObNvJ/YXL+u8=,5HpDgLWqNJO39urqAl7x9a56ftI=
15,51,aOfFkvTfCanrYgRObNvJ/YXL+u8=,5HpDgLWqNJO39urqAl7x9a56ftI=
8,48,aOfFkvTfCanrYgRObNvJ/YXL+u8=,5HpDgLWqNJO39urqAl7x9a56ftI=
7,48,aOfFkvTfCanrYgRObNvJ/YXL+u8=,VNthG/gFOLv1iHV2LMMCcst8CXA=
9,48,aOfFkvTfCanrYgRObNvJ/YXL+u8=,5HpDgLWqNJO39urqAl7x9a56ftI=
10,48,aOfFkvTfCanrYgRObNvJ/YXL+u8=,5HpDgLWqNJO39urqAl7x9a56ftI=
13,48,aOfFkvTfCanrYgRObNvJ/YXL+u8=,5HpDgLWqNJO39urqAl7x9a56ftI=
7,49,aOfFkvTfCanrYgRObNvJ/YXL+u8=,VNthG/gFOLv1iHV2LMMCcst8CXA=
14,48,aOfFkvTfCanrYgRObNvJ/YXL+u8=,5HpDgLWqNJO39urqAl7x9a56ftI=
7,56,aOfFkvTfCanrYgRObNvJ/YXL+u8=,fz3wENmgtz8jdBp0G6Po64fJhVg=
6,51,aOfFkvTfCanrYgRObNvJ/YXL+u8=,VNthG/gFOLv1iHV2LMMCcst8CXA=
7,51,aOfFkvTfCanrYgRObNvJ/YXL+u8=,VNthG/gFOLv1iHV2LMMCcst8CXA=
7,54,aOfFkvTfCanrYgRObNvJ/YXL+u8=,VNthG/gFOLv1iHV2LMMCcst8CXA=
15,48,aOfFkvTfCanrYgRObNvJ/YXL+u8=,5HpDgLWqNJO39urqAl7x9a56ftI=
10,53,aOfFkvTfCanrYgRObNvJ/YXL+u8=,5HpDgLWqNJO39urqAl7x9a56ftI=
9,53,aOfFkvTfCanrYgRObNvJ/YXL+u8=,5HpDgLWqNJO39urqAl7x9a56ftI=
9,56,aOfFkvTfCanrYgRObNvJ/YXL+u8=,GT4DozKqNGjFIx4SzAvIPCh5kTw=
7,50,aOfFkvTfCanrYgRObNvJ/YXL+u8=,VNthG/gFOLv1iHV2LMMCcst8CXA=
10,56,aOfFkvTfCanrYgRObNvJ/YXL+u8=,GT4DozKqNGjFIx4SzAvIPCh5kTw=
8,53,aOfFkvTfCanrYgRObNvJ/YXL+u8=,5HpDgLWqNJO39urqAl7x9a56ftI=
2,63,aOfFkvTfCanrYgRObNvJ/YXL+u8=,fz3wENmgtz8jdBp0G6Po64fJhVg=
3,63,aOfFkvTfCanrYgRObNvJ/YXL+u8=,fz3wENmgtz8jdBp0G6Po64fJhVg=
4,63,aOfFkvTfCanrYgRObNvJ/YXL+u8=,fz3wENmgtz8jdBp0G6Po64fJhVg=
5,63,aOfFkvTfCanrYgRObNvJ/YXL+u8=,fz3wENmgtz8jdBp0G6Po64fJhVg=
11,56,aOfFkvTfCanrYgRObNvJ/YXL+u8=,GT4DozKqNGjFIx4SzAvIPCh5kTw=
15,52,aOfFkvTfCanrYgRObNvJ/YXL+u8=,5HpDgLWqNJO39urqAl7x9a56ftI=
11,57,aOfFkvTfCanrYgRObNvJ/YXL+u8=,GT4DozKqNGjFIx4SzAvIPCh5kTw=
12,56,aOfFkvTfCanrYgRObNvJ/YXL+u8=,GT4DozKqNGjFIx4SzAvIPCh5kTw=
8,56,aOfFkvTfCanrYgRObNvJ/YXL+u8=,GT4DozKqNGjFIx4SzAvIPCh5kTw=
15,63,aOfFkvTfCanrYgRObNvJ/YXL+u8=,GT4DozKqNGjFIx4SzAvIPCh5kTw=
7,53,aOfFkvTfCanrYgRObNvJ/YXL+u8=,VNthG/gFOLv1iHV2LMMCcst8CXA=
7,63,aOfFkvTfCanrYgRObNvJ/YXL+u8=,fz3wENmgtz8jdBp0G6Po64fJhVg=
14,52,aOfFkvTfCanrYgRObNvJ/YXL+u8=,5HpDgLWqNJO39urqAl7x9a56ftI=
8,62,aOfFkvTfCanrYgRObNvJ/YXL+u8=,GT4DozKqNGjFIx4SzAvIPCh5kTw=
13,52,aOfFkvTfCanrYgRObNvJ/YXL+u8=,5HpDgLWqNJO39urqAl7x9a56ftI=
7,55,aOfFkvTfCanrYgRObNvJ/YXL+u8=,VNthG/gFOLv1iHV2LMMCcst8CXA=
6,63,aOfFkvTfCanrYgRObNvJ/YXL+u8=,fz3wENmgtz8jdBp0G6Po64fJhVg=
11,53,aOfFkvTfCanrYgRObNvJ/YXL+u8=,5HpDgLWqNJO39urqAl7x9a56ftI=
7,62,aOfFkvTfCanrYgRObNvJ/YXL+u8=,fz3wENmgtz8jdBp0G6Po64fJhVg=
5,57,aOfFkvTfCanrYgRObNvJ/YXL+u8=,fz3wENmgtz8jdBp0G6Po64fJhVg=
8,61,aOfFkvTfCanrYgRObNvJ/YXL+u8=,GT4DozKqNGjFIx4SzAvIPCh5kTw=
12,53,aOfFkvTfCanrYgRObNvJ/YXL+u8=,5HpDgLWqNJO39urqAl7x9a56ftI=
8,60,aOfFkvTfCanrYgRObNvJ/YXL+u8=,GT4DozKqNGjFIx4SzAvIPCh5kTw=
4,58,aOfFkvTfCanrYgRObNvJ/YXL+u8=,fz3wENmgtz8jdBp0G6Po64fJhVg=
6,62,aOfFkvTfCanrYgRObNvJ/YXL+u8=,fz3wENmgtz8jdBp0G6Po64fJhVg=
0,58,aOfFkvTfCanrYgRObNvJ/YXL+u8=,fz3wENmgtz8jdBp0G6Po64fJhVg=
0,59,aOfFkvTfCanrYgRObNvJ/YXL+u8=,fz3wENmgtz8jdBp0G6Po64fJhVg=
0,60,aOfFkvTfCanrYgRObNvJ/YXL+u8=,fz3wENmgtz8jdBp0G6Po64fJhVg=
0,61,aOfFkvTfCanrYgRObNvJ/YXL+u8=,fz3wENmgtz8jdBp0G6Po64fJhVg=
7,52,aOfFkvTfCanrYgRObNvJ/YXL+u8=,VNthG/gFOLv1iHV2LMMCcst8CXA=
9,60,aOfFkvTfCanrYgRObNvJ/YXL+u8=,GT4DozKqNGjFIx4SzAvIPCh5kTw=
13,53,aOfFkvTfCanrYgRObNvJ/YXL+u8=,5HpDgLWqNJO39urqAl7x9a56ftI=
7,61,aOfFkvTfCanrYgRObNvJ/YXL+u8=,fz3wENmgtz8jdBp0G6Po64fJhVg=
6,61,aOfFkvTfCanrYgRObNvJ/YXL+u8=,fz3wENmgtz8jdBp0G6Po64fJhVg=
4,53,aOfFkvTfCanrYgRObNvJ/YXL+u8=,VNthG/gFOLv1iHV2LMMCcst8CXA=
4,56,aOfFkvTfCanrYgRObNvJ/YXL+u8=,fz3wENmgtz8jdBp0G6Po64fJhVg=
14,53,aOfFkvTfCanrYgRObNvJ/YXL+u8=,5HpDgLWqNJO39urqAl7x9a56ftI=
5,54,aOfFkvTfCanrYgRObNvJ/YXL+u8=,VNthG/gFOLv1iHV2LMMCcst8CXA=
10,60,aOfFkvTfCanrYgRObNvJ/YXL+u8=,GT4DozKqNGjFIx4SzAvIPCh5kTw=
7,60,aOfFkvTfCanrYgRObNvJ/YXL+u8=,fz3wENmgtz8jdBp0G6Po64fJhVg=
11,60,aOfFkvTfCanrYgRObNvJ/YXL+u8=,GT4DozKqNGjFIx4SzAvIPCh5kTw=
12,60,aOfFkvTfCanrYgRObNvJ/YXL+u8=,GT4DozKqNGjFIx4SzAvIPCh5kTw=
6,60,aOfFkvTfCanrYgRObNvJ/YXL+u8=,fz3wENmgtz8jdBp0G6Po64fJhVg=
15,53,aOfFkvTfCanrYgRObNvJ/YXL+u8=,5HpDgLWqNJO39urqAl7x9a56ftI=
9,61,aOfFkvTfCanrYgRObNvJ/YXL+u8=,GT4DozKqNGjFIx4SzAvIPCh5kTw=
10,61,aOfFkvTfCanrYgRObNvJ/YXL+u8=,GT4DozKqNGjFIx4SzAvIPCh5kTw=
5,60,aOfFkvTfCanrYgRObNvJ/YXL+u8=,fz3wENmgtz8jdBp0G6Po64fJhVg=
13,56,aOfFkvTfCanrYgRObNvJ/YXL+u8=,GT4DozKqNGjFIx4SzAvIPCh5kTw=
4,60,aOfFkvTfCanrYgRObNvJ/YXL+u8=,fz3wENmgtz8jdBp0G6Po64fJhVg=
11,61,aOfFkvTfCanrYgRObNvJ/YXL+u8=,GT4DozKqNGjFIx4SzAvIPCh5kTw=
12,61,aOfFkvTfCanrYgRObNvJ/YXL+u8=,GT4DozKqNGjFIx4SzAvIPCh5kTw=
8,63,aOfFkvTfCanrYgRObNvJ/YXL+u8=,GT4DozKqNGjFIx4SzAvIPCh5kTw=
4,54,aOfFkvTfCanrYgRObNvJ/YXL+u8=,VNthG/gFOLv1iHV2LMMCcst8CXA=
8,54,aOfFkvTfCanrYgRObNvJ/YXL+u8=,5HpDgLWqNJO39urqAl7x9a56ftI=
6,54,aOfFkvTfCanrYgRObNvJ/YXL+u8=,VNthG/gFOLv1iHV2LMMCcst8CXA=
9,62,aOfFkvTfCanrYgRObNvJ/YXL+u8=,GT4DozKqNGjFIx4SzAvIPCh5kTw=
14,56,aOfFkvTfCanrYgRObNvJ/YXL+u8=,GT4DozKqNGjFIx4SzAvIPCh5kTw=
6,53,aOfFkvTfCanrYgRObNvJ/YXL+u8=,VNthG/gFOLv1iHV2LMMCcst8CXA=
9,63,aOfFkvTfCanrYgRObNvJ/YXL+u8=,GT4DozKqNGjFIx4SzAvIPCh5kTw=
15,56,aOfFkvTfCanrYgRObNvJ/YXL+u8=,GT4DozKqNGjFIx4SzAvIPCh5kTw=
10,62,aOfFkvTfCanrYgRObNvJ/YXL+u8=,GT4DozKqNGjFIx4SzAvIPCh5kTw=
9,54,aOfFkvTfCanrYgRObNvJ/YXL+u8=,5HpDgLWqNJO39urqAl7x9a56ftI=
12,48,aOfFkvTfCanrYgRObNvJ/YXL+u8=,5HpDgLWqNJO39urqAl7x9a56ftI=
14,63,aOfFkvTfCanrYgRObNvJ/YXL+u8=,GT4DozKqNGjFIx4SzAvIPCh5kTw=
13,63,aOfFkvTfCanrYgRObNvJ/YXL+u8=,GT4DozKqNGjFIx4SzAvIPCh5kTw=
11,48,aOfFkvTfCanrYgRObNvJ/YXL+u8=,5HpDgLWqNJO39urqAl7x9a56ftI=
11,62,aOfFkvTfCanrYgRObNvJ/YXL+u8=,GT4DozKqNGjFIx4SzAvIPCh5kTw=
12,62,aOfFkvTfCanrYgRObNvJ/YXL+u8=,GT4DozKqNGjFIx4SzAvIPCh5kTw=
5,53,aOfFkvTfCanrYgRObNvJ/YXL+u8=,VNthG/gFOLv1iHV2LMMCcst8CXA=
10,54,aOfFkvTfCanrYgRObNvJ/YXL+u8=,5HpDgLWqNJO39urqAl7x9a56ftI=
10,63,aOfFkvTfCanrYgRObNvJ/YXL+u8=,GT4DozKqNGjFIx4SzAvIPCh5kTw=
11,54,aOfFkvTfCanrYgRObNvJ/YXL+u8=,5HpDgLWqNJO39urqAl7x9a56ftI=
5,58,aOfFkvTfCanrYgRObNvJ/YXL+u8=,fz3wENmgtz8jdBp0G6Po64fJhVg=
11,63,aOfFkvTfCanrYgRObNvJ/YXL+u8=,GT4DozKqNGjFIx4SzAvIPCh5kTw=
12,63,aOfFkvTfCanrYgRObNvJ/YXL+u8=,GT4DozKqNGjFIx4SzAvIPCh5kTw=
11,52,aOfFkvTfCanrYgRObNvJ/YXL+u8=,5HpDgLWqNJO39urqAl7x9a56ftI=
10,52,aOfFkvTfCanrYgRObNvJ/YXL+u8=,5HpDgLWqNJO39urqAl7x9a56ftI=
9,52,aOfFkvTfCanrYgRObNvJ/YXL+u8=,5HpDgLWqNJO39urqAl7x9a56ftI=
12,52,aOfFkvTfCanrYgRObNvJ/YXL+u8=,5HpDgLWqNJO39urqAl7x9a56ftI=
8,52,aOfFkvTfCanrYgRObNvJ/YXL+u8=,5HpDgLWqNJO39urqAl7x9a56ftI=
13,51,aOfFkvTfCanrYgRObNvJ/YXL+u8=,5HpDgLWqNJO39urqAl7x9a56ftI=
12,51,aOfFkvTfCanrYgRObNvJ/YXL+u8=,5HpDgLWqNJO39urqAl7x9a56ftI=
10,51,aOfFkvTfCanrYgRObNvJ/YXL+u8=,5HpDgLWqNJO39urqAl7x9a56ftI=
9,51,aOfFkvTfCanrYgRObNvJ/YXL+u8=,5HpDgLWqNJO39urqAl7x9a56ftI=
11,51,aOfFkvTfCanrYgRObNvJ/YXL+u8=,5HpDgLWqNJO39urqAl7x9a56ftI=
8,51,aOfFkvTfCanrYgRObNvJ/YXL+u8=,5HpDgLWqNJO39urqAl7x9a56ftI=
12,50,aOfFkvTfCanrYgRObNvJ/YXL+u8=,5HpDgLWqNJO39urqAl7x9a56ftI=
6,52,aOfFkvTfCanrYgRObNvJ/YXL+u8=,VNthG/gFOLv1iHV2LMMCcst8CXA=
15,55,aOfFkvTfCanrYgRObNvJ/YXL+u8=,5HpDgLWqNJO39urqAl7x9a56ftI=
10,50,aOfFkvTfCanrYgRObNvJ/YXL+u8=,5HpDgLWqNJO39urqAl7x9a56ftI=
11,50,aOfFkvTfCanrYgRObNvJ/YXL+u8=,5HpDgLWqNJO39urqAl7x9a56ftI=
9,50,aOfFkvTfCanrYgRObNvJ/YXL+u8=,5HpDgLWqNJO39urqAl7x9a56ftI=
8,50,aOfFkvTfCanrYgRObNvJ/YXL+u8=,5HpDgLWqNJO39urqAl7x9a56ftI=
12,49,aOfFkvTfCanrYgRObNvJ/YXL+u8=,5HpDgLWqNJO39urqAl7x9a56ftI=
14,55,aOfFkvTfCanrYgRObNvJ/YXL+u8=,5HpDgLWqNJO39urqAl7x9a56ftI=
10,49,aOfFkvTfCanrYgRObNvJ/YXL+u8=,5HpDgLWqNJO39urqAl7x9a56ftI=
12,55,aOfFkvTfCanrYgRObNvJ/YXL+u8=,5HpDgLWqNJO39urqAl7x9a56ftI=
13,55,aOfFkvTfCanrYgRObNvJ/YXL+u8=,5HpDgLWqNJO39urqAl7x9a56ftI=
11,55,aOfFkvTfCanrYgRObNvJ/YXL+u8=,5HpDgLWqNJO39urqAl7x9a56ftI=
5,52,aOfFkvTfCanrYgRObNvJ/YXL+u8=,VNthG/gFOLv1iHV2LMMCcst8CXA=
9,55,aOfFkvTfCanrYgRObNvJ/YXL+u8=,5HpDgLWqNJO39urqAl7x9a56ftI=
8,49,aOfFkvTfCanrYgRObNvJ/YXL+u8=,5HpDgLWqNJO39urqAl7x9a56ftI=
8,55,aOfFkvTfCanrYgRObNvJ/YXL+u8=,5HpDgLWqNJO39urqAl7x9a56ftI=
4,52,aOfFkvTfCanrYgRObNvJ/YXL+u8=,VNthG/gFOLv1iHV2LMMCcst8CXA=
11,49,aOfFkvTfCanrYgRObNvJ/YXL+u8=,5HpDgLWqNJO39urqAl7x9a56ftI=
15,57,aOfFkvTfCanrYgRObNvJ/YXL+u8=,GT4DozKqNGjFIx4SzAvIPCh5kTw=
10,55,aOfFkvTfCanrYgRObNvJ/YXL+u8=,5HpDgLWqNJO39urqAl7x9a56ftI=
14,54,aOfFkvTfCanrYgRObNvJ/YXL+u8=,5HpDgLWqNJO39urqAl7x9a56ftI=
15,54,aOfFkvTfCanrYgRObNvJ/YXL+u8=,5HpDgLWqNJO39urqAl7x9a56ftI=
13,57,aOfFkvTfCanrYgRObNvJ/YXL+u8=,GT4DozKqNGjFIx4SzAvIPCh5kTw=
12,54,aOfFkvTfCanrYgRObNvJ/YXL+u8=,5HpDgLWqNJO39urqAl7x9a56ftI=
8,58,aOfFkvTfCanrYgRObNvJ/YXL+u8=,GT4DozKqNGjFIx4SzAvIPCh5kTw=
8,57,aOfFkvTfCanrYgRObNvJ/YXL+u8=,GT4DozKqNGjFIx4SzAvIPCh5kTw=
10,58,aOfFkvTfCanrYgRObNvJ/YXL+u8=,GT4DozKqNGjFIx4SzAvIPCh5kTw=
8,59,aOfFkvTfCanrYgRObNvJ/YXL+u8=,GT4DozKqNGjFIx4SzAvIPCh5kTw=
7,59,aOfFkvTfCanrYgRObNvJ/YXL+u8=,fz3wENmgtz8jdBp0G6Po64fJhVg=
11,59,aOfFkvTfCanrYgRObNvJ/YXL+u8=,GT4DozKqNGjFIx4SzAvIPCh5kTw=
13,54,aOfFkvTfCanrYgRObNvJ/YXL+u8=,5HpDgLWqNJO39urqAl7x9a56ftI=
10,57,aOfFkvTfCanrYgRObNvJ/YXL+u8=,GT4DozKqNGjFIx4SzAvIPCh5kTw=
10,59,aOfFkvTfCanrYgRObNvJ/YXL+u8=,GT4DozKqNGjFIx4SzAvIPCh5kTw=
9,58,aOfFkvTfCanrYgRObNvJ/YXL+u8=,GT4DozKqNGjFIx4SzAvIPCh5kTw=
6,58,aOfFkvTfCanrYgRObNvJ/YXL+u8=,fz3wENmgtz8jdBp0G6Po64fJhVg=
6,59,aOfFkvTfCanrYgRObNvJ/YXL+u8=,fz3wENmgtz8jdBp0G6Po64fJhVg=
4,59,aOfFkvTfCanrYgRObNvJ/YXL+u8=,fz3wENmgtz8jdBp0G6Po64fJhVg=
7,58,aOfFkvTfCanrYgRObNvJ/YXL+u8=,fz3wENmgtz8jdBp0G6Po64fJhVg=
9,57,aOfFkvTfCanrYgRObNvJ/YXL+u8=,GT4DozKqNGjFIx4SzAvIPCh5kTw=
9,59,aOfFkvTfCanrYgRObNvJ/YXL+u8=,GT4DozKqNGjFIx4SzAvIPCh5kTw=
5,59,aOfFkvTfCanrYgRObNvJ/YXL+u8=,fz3wENmgtz8jdBp0G6Po64fJhVg=
2,57,aOfFkvTfCanrYgRObNvJ/YXL+u8=,fz3wENmgtz8jdBp0G6Po64fJhVg=
0,52,aOfFkvTfCanrYgRObNvJ/YXL+u8=,VNthG/gFOLv1iHV2LMMCcst8CXA=
3,57,aOfFkvTfCanrYgRObNvJ/YXL+u8=,fz3wENmgtz8jdBp0G6Po64fJhVg=
1,58,aOfFkvTfCanrYgRObNvJ/YXL+u8=,fz3wENmgtz8jdBp0G6Po64fJhVg=
0,54,aOfFkvTfCanrYgRObNvJ/YXL+u8=,VNthG/gFOLv1iHV2LMMCcst8CXA=
2,58,aOfFkvTfCanrYgRObNvJ/YXL+u8=,fz3wENmgtz8jdBp0G6Po64fJhVg=
0,63,aOfFkvTfCanrYgRObNvJ/YXL+u8=,fz3wENmgtz8jdBp0G6Po64fJhVg=
3,60,aOfFkvTfCanrYgRObNvJ/YXL+u8=,fz3wENmgtz8jdBp0G6Po64fJhVg=
0,55,aOfFkvTfCanrYgRObNvJ/YXL+u8=,VNthG/gFOLv1iHV2LMMCcst8CXA=
0,62,aOfFkvTfCanrYgRObNvJ/YXL+u8=,fz3wENmgtz8jdBp0G6Po64fJhVg=
1,63,aOfFkvTfCanrYgRObNvJ/YXL+u8=,fz3wENmgtz8jdBp0G6Po64fJhVg=
0,56,aOfFkvTfCanrYgRObNvJ/YXL+u8=,fz3wENmgtz8jdBp0G6Po64fJhVg=
1,62,aOfFkvTfCanrYgRObNvJ/YXL+u8=,fz3wENmgtz8jdBp0G6Po64fJhVg=
2,59,aOfFkvTfCanrYgRObNvJ/YXL+u8=,fz3wENmgtz8jdBp0G6Po64fJhVg=
3,59,aOfFkvTfCanrYgRObNvJ/YXL+u8=,fz3wENmgtz8jdBp0G6Po64fJhVg=
0,48,aOfFkvTfCanrYgRObNvJ/YXL+u8=,VNthG/gFOLv1iHV2LMMCcst8CXA=
0,53,aOfFkvTfCanrYgRObNvJ/YXL+u8=,VNthG/gFOLv1iHV2LMMCcst8CXA=
0,57,aOfFkvTfCanrYgRObNvJ/YXL+u8=,fz3wENmgtz8jdBp0G6Po64fJhVg=
0,49,aOfFkvTfCanrYgRObNvJ/YXL+u8=,VNthG/gFOLv1iHV2LMMCcst8CXA=
3,58,aOfFkvTfCanrYgRObNvJ/YXL+u8=,fz3wENmgtz8jdBp0G6Po64fJhVg=
0,51,aOfFkvTfCanrYgRObNvJ/YXL+u8=,VNthG/gFOLv1iHV2LMMCcst8CXA=
3,55,aOfFkvTfCanrYgRObNvJ/YXL+u8=,VNthG/gFOLv1iHV2LMMCcst8CXA=
1,53,aOfFkvTfCanrYgRObNvJ/YXL+u8=,VNthG/gFOLv1iHV2LMMCcst8CXA=
1,56,aOfFkvTfCanrYgRObNvJ/YXL+u8=,fz3wENmgtz8jdBp0G6Po64fJhVg=
2,53,aOfFkvTfCanrYgRObNvJ/YXL+u8=,VNthG/gFOLv1iHV2LMMCcst8CXA=
0,50,aOfFkvTfCanrYgRObNvJ/YXL+u8=,VNthG/gFOLv1iHV2LMMCcst8CXA=
2,56,aOfFkvTfCanrYgRObNvJ/YXL+u8=,fz3wENmgtz8jdBp0G6Po64fJhVg=
3,52,aOfFkvTfCanrYgRObNvJ/YXL+u8=,VNthG/gFOLv1iHV2LMMCcst8CXA=
1,55,aOfFkvTfCanrYgRObNvJ/YXL+u8=,VNthG/gFOLv1iHV2LMMCcst8CXA=
2,49,aOfFkvTfCanrYgRObNvJ/YXL+u8=,VNthG/gFOLv1iHV2LMMCcst8CXA=
2,54,aOfFkvTfCanrYgRObNvJ/YXL+u8=,VNthG/gFOLv1iHV2LMMCcst8CXA=
3,56,aOfFkvTfCanrYgRObNvJ/YXL+u8=,fz3wENmgtz8jdBp0G6Po64fJhVg=
1,54,aOfFkvTfCanrYgRObNvJ/YXL+u8=,VNthG/gFOLv1iHV2LMMCcst8CXA=
3,54,aOfFkvTfCanrYgRObNvJ/YXL+u8=,VNthG/gFOLv1iHV2LMMCcst8CXA=
1,52,aOfFkvTfCanrYgRObNvJ/YXL+u8=,VNthG/gFOLv1iHV2LMMCcst8CXA=
3,53,aOfFkvTfCanrYgRObNvJ/YXL+u8=,VNthG/gFOLv1iHV2LMMCcst8CXA=
2,52,aOfFkvTfCanrYgRObNvJ/YXL+u8=,VNthG/gFOLv1iHV2LMMCcst8CXA=
1,51,aOfFkvTfCanrYgRObNvJ/YXL+u8=,VNthG/gFOLv1iHV2LMMCcst8CXA=
3,48,aOfFkvTfCanrYgRObNvJ/YXL+u8=,VNthG/gFOLv1iHV2LMMCcst8CXA=
2,55,aOfFkvTfCanrYgRObNvJ/YXL+u8=,VNthG/gFOLv1iHV2LMMCcst8CXA=
1,50,aOfFkvTfCanrYgRObNvJ/YXL+u8=,VNthG/gFOLv1iHV2LMMCcst8CXA=
3,51,aOfFkvTfCanrYgRObNvJ/YXL+u8=,VNthG/gFOLv1iHV2LMMCcst8CXA=
3,50,aOfFkvTfCanrYgRObNvJ/YXL+u8=,VNthG/gFOLv1iHV2LMMCcst8CXA=
1,48,aOfFkvTfCanrYgRObNvJ/YXL+u8=,VNthG/gFOLv1iHV2LMMCcst8CXA=
3,49,aOfFkvTfCanrYgRObNvJ/YXL+u8=,VNthG/gFOLv1iHV2LMMCcst8CXA=
2,48,aOfFkvTfCanrYgRObNvJ/YXL+u8=,VNthG/gFOLv1iHV2LMMCcst8CXA=
1,49,aOfFkvTfCanrYgRObNvJ/YXL+u8=,VNthG/gFOLv1iHV2LMMCcst8CXA=
2,50,aOfFkvTfCanrYgRObNvJ/YXL+u8=,VNthG/gFOLv1iHV2LMMCcst8CXA=
2,51,aOfFkvTfCanrYgRObNvJ/YXL+u8=,VNthG/gFOLv1iHV2LMMCcst8CXA=
17,57,Rbh9OCpFxytHVMMKdozVoNPV8gc=,dHbkMhp1Ztg7JTY57+1sz5qMj2o=
23,62,Rbh9OCpFxytHVMMKdozVoNPV8gc=,dHbkMhp1Ztg7JTY57+1sz5qMj2o=
18,57,xQ5RgOl01+f0y+Q9YoE6UYvM7UI=,dHbkMhp1Ztg7JTY57+1sz5qMj2o=
19,57,xQ5RgOl01+f0y+Q9YoE6UYvM7UI=,dHbkMhp1Ztg7JTY57+1sz5qMj2o=
20,57,xQ5RgOl01+f0y+Q9YoE6UYvM7UI=,dHbkMhp1Ztg7JTY57+1sz5qMj2o=
21,57,xQ5RgOl01+f0y+Q9YoE6UYvM7UI=,dHbkMhp1Ztg7JTY57+1sz5qMj2o=
22,57,xQ5RgOl01+f0y+Q9YoE6UYvM7UI=,dHbkMhp1Ztg7JTY57+1sz5qMj2o=
23,57,xQ5RgOl01+f0y+Q9YoE6UYvM7UI=,dHbkMhp1Ztg7JTY57+1sz5qMj2o=
17,58,xQ5RgOl01+f0y+Q9YoE6UYvM7UI=,dHbkMhp1Ztg7JTY57+1sz5qMj2o=
18,58,xQ5RgOl01+f0y+Q9YoE6UYvM7UI=,dHbkMhp1Ztg7JTY57+1sz5qMj2o=
19,58,xQ5RgOl01+f0y+Q9YoE6UYvM7UI=,dHbkMhp1Ztg7JTY57+1sz5qMj2o=
22,62,xQ5RgOl01+f0y+Q9YoE6UYvM7UI=,dHbkMhp1Ztg7JTY57+1sz5qMj2o=
20,58,xQ5RgOl01+f0y+Q9YoE6UYvM7UI=,dHbkMhp1Ztg7JTY57+1sz5qMj2o=
21,58,xQ5RgOl01+f0y+Q9YoE6UYvM7UI=,dHbkMhp1Ztg7JTY57+1sz5qMj2o=
22,58,xQ5RgOl01+f0y+Q9YoE6UYvM7UI=,dHbkMhp1Ztg7JTY57+1sz5qMj2o=
21,62,xQ5RgOl01+f0y+Q9YoE6UYvM7UI=,dHbkMhp1Ztg7JTY57+1sz5qMj2o=
20,62,xQ5RgOl01+f0y+Q9YoE6UYvM7UI=,dHbkMhp1Ztg7JTY57+1sz5qMj2o=
23,58,CSccZrR3vopJGGTcW+bZWc7yl9E=,dHbkMhp1Ztg7JTY57+1sz5qMj2o=
19,62,CSccZrR3vopJGGTcW+bZWc7yl9E=,dHbkMhp1Ztg7JTY57+1sz5qMj2o=
18,62,CSccZrR3vopJGGTcW+bZWc7yl9E=,dHbkMhp1Ztg7JTY57+1sz5qMj2o=
17,59,CSccZrR3vopJGGTcW+bZWc7yl9E=,dHbkMhp1Ztg7JTY57+1sz5qMj2o=
18,59,CSccZrR3vopJGGTcW+bZWc7yl9E=,dHbkMhp1Ztg7JTY57+1sz5qMj2o=
17,62,CSccZrR3vopJGGTcW+bZWc7yl9E=,dHbkMhp1Ztg7JTY57+1sz5qMj2o=
23,61,CSccZrR3vopJGGTcW+bZWc7yl9E=,dHbkMhp1Ztg7JTY57+1sz5qMj2o=
19,59,CSccZrR3vopJGGTcW+bZWc7yl9E=,dHbkMhp1Ztg7JTY57+1sz5qMj2o=
21,61,CSccZrR3vopJGGTcW+bZWc7yl9E=,dHbkMhp1Ztg7JTY57+1sz5qMj2o=
20,59,CSccZrR3vopJGGTcW+bZWc7yl9E=,dHbkMhp1Ztg7JTY57+1sz5qMj2o=
20,61,CSccZrR3vopJGGTcW+bZWc7yl9E=,dHbkMhp1Ztg7JTY57+1sz5qMj2o=
21,59,CSccZrR3vopJGGTcW+bZWc7yl9E=,dHbkMhp1Ztg7JTY57+1sz5qMj2o=
19,61,CSccZrR3vopJGGTcW+bZWc7yl9E=,dHbkMhp1Ztg7JTY57+1sz5qMj2o=
22,59,CSccZrR3vopJGGTcW+bZWc7yl9E=,dHbkMhp1Ztg7JTY57+1sz5qMj2o=
18,61,CSccZrR3vopJGGTcW+bZWc7yl9E=,dHbkMhp1Ztg7JTY57+1sz5qMj2o=
23,59,CSccZrR3vopJGGTcW+bZWc7yl9E=,dHbkMhp1Ztg7JTY57+1sz5qMj2o=
17,61,CSccZrR3vopJGGTcW+bZWc7yl9E=,dHbkMhp1Ztg7JTY57+1sz5qMj2o=
17,60,CSccZrR3vopJGGTcW+bZWc7yl9E=,dHbkMhp1Ztg7JTY57+1sz5qMj2o=
23,60,CSccZrR3vopJGGTcW+bZWc7yl9E=,dHbkMhp1Ztg7JTY57+1sz5qMj2o=
18,60,CSccZrR3vopJGGTcW+bZWc7yl9E=,dHbkMhp1Ztg7JTY57+1sz5qMj2o=
22,60,CSccZrR3vopJGGTcW+bZWc7yl9E=,dHbkMhp1Ztg7JTY57+1sz5qMj2o=
19,60,CSccZrR3vopJGGTcW+bZWc7yl9E=,dHbkMhp1Ztg7JTY57+1sz5qMj2o=
21,60,CSccZrR3vopJGGTcW+bZWc7yl9E=,dHbkMhp1Ztg7JTY57+1sz5qMj2o=
22,61,CSccZrR3vopJGGTcW+bZWc7yl9E=,dHbkMhp1Ztg7JTY57+1sz5qMj2o=
20,60,CSccZrR3vopJGGTcW+bZWc7yl9E=,dHbkMhp1Ztg7JTY57+1sz5qMj2o=
17,63,CSccZrR3vopJGGTcW+bZWc7yl9E=,dHbkMhp1Ztg7JTY57+1sz5qMj2o=
16,57,CSccZrR3vopJGGTcW+bZWc7yl9E=,dHbkMhp1Ztg7JTY57+1sz5qMj2o=
18,63,CSccZrR3vopJGGTcW+bZWc7yl9E=,dHbkMhp1Ztg7JTY57+1sz5qMj2o=
16,58,CSccZrR3vopJGGTcW+bZWc7yl9E=,dHbkMhp1Ztg7JTY57+1sz5qMj2o=
19,63,CSccZrR3vopJGGTcW+bZWc7yl9E=,dHbkMhp1Ztg7JTY57+1sz5qMj2o=
16,59,CSccZrR3vopJGGTcW+bZWc7yl9E=,dHbkMhp1Ztg7JTY57+1sz5qMj2o=
16,60,CSccZrR3vopJGGTcW+bZWc7yl9E=,dHbkMhp1Ztg7JTY57+1sz5qMj2o=
21,63,CSccZrR3vopJGGTcW+bZWc7yl9E=,dHbkMhp1Ztg7JTY57+1sz5qMj2o=
20,63,CSccZrR3vopJGGTcW+bZWc7yl9E=,dHbkMhp1Ztg7JTY57+1sz5qMj2o=
16,61,CSccZrR3vopJGGTcW+bZWc7yl9E=,dHbkMhp1Ztg7JTY57+1sz5qMj2o=
22,63,CSccZrR3vopJGGTcW+bZWc7yl9E=,dHbkMhp1Ztg7JTY57+1sz5qMj2o=
16,62,CSccZrR3vopJGGTcW+bZWc7yl9E=,dHbkMhp1Ztg7JTY57+1sz5qMj2o=
16,63,CSccZrR3vopJGGTcW+bZWc7yl9E=,dHbkMhp1Ztg7JTY57+1sz5qMj2o=
23,63,CSccZrR3vopJGGTcW+bZWc7yl9E=,dHbkMhp1Ztg7JTY57+1sz5qMj2o=
20,48,CSccZrR3vopJGGTcW+bZWc7yl9E=,anrPVBT8S8rP25YafIDsoedeuOs=
23,56,CSccZrR3vopJGGTcW+bZWc7yl9E=,dHbkMhp1Ztg7JTY57+1sz5qMj2o=
17,51,CSccZrR3vopJGGTcW+bZWc7yl9E=,anrPVBT8S8rP25YafIDsoedeuOs=
22,49,CSccZrR3vopJGGTcW+bZWc7yl9E=,anrPVBT8S8rP25YafIDsoedeuOs=
16,51,CSccZrR3vopJGGTcW+bZWc7yl9E=,anrPVBT8S8rP25YafIDsoedeuOs=
23,55,CSccZrR3vopJGGTcW+bZWc7yl9E=,anrPVBT8S8rP25YafIDsoedeuOs=
19,51,CSccZrR3vopJGGTcW+bZWc7yl9E=,anrPVBT8S8rP25YafIDsoedeuOs=
23,50,CSccZrR3vopJGGTcW+bZWc7yl9E=,anrPVBT8S8rP25YafIDsoedeuOs=
21,53,CSccZrR3vopJGGTcW+bZWc7yl9E=,anrPVBT8S8rP25YafIDsoedeuOs=
20,51,CSccZrR3vopJGGTcW+bZWc7yl9E=,anrPVBT8S8rP25YafIDsoedeuOs=
21,51,CSccZrR3vopJGGTcW+bZWc7yl9E=,anrPVBT8S8rP25YafIDsoedeuOs=
22,54,CSccZrR3vopJGGTcW+bZWc7yl9E=,anrPVBT8S8rP25YafIDsoedeuOs=
21,48,CSccZrR3vopJGGTcW+bZWc7yl9E=,anrPVBT8S8rP25YafIDsoedeuOs=
23,49,CSccZrR3vopJGGTcW+bZWc7yl9E=,anrPVBT8S8rP25YafIDsoedeuOs=
22,51,CSccZrR3vopJGGTcW+bZWc7yl9E=,anrPVBT8S8rP25YafIDsoedeuOs=
23,51,CSccZrR3vopJGGTcW+bZWc7yl9E=,anrPVBT8S8rP25YafIDsoedeuOs=
17,48,CSccZrR3vopJGGTcW+bZWc7yl9E=,anrPVBT8S8rP25YafIDsoedeuOs=
21,55,CSccZrR3vopJGGTcW+bZWc7yl9E=,anrPVBT8S8rP25YafIDsoedeuOs=
22,50,CSccZrR3vopJGGTcW+bZWc7yl9E=,anrPVBT8S8rP25YafIDsoedeuOs=
16,52,CSccZrR3vopJGGTcW+bZWc7yl9E=,anrPVBT8S8rP25YafIDsoedeuOs=
16,50,CSccZrR3vopJGGTcW+bZWc7yl9E=,anrPVBT8S8rP25YafIDsoedeuOs=
18,54,CSccZrR3vopJGGTcW+bZWc7yl9E=,anrPVBT8S8rP25YafIDsoedeuOs=
22,48,CSccZrR3vopJGGTcW+bZWc7yl9E=,anrPVBT8S8rP25YafIDsoedeuOs=
23,48,CSccZrR3vopJGGTcW+bZWc7yl9E=,anrPVBT8S8rP25YafIDsoedeuOs=
16,49,CSccZrR3vopJGGTcW+bZWc7yl9E=,anrPVBT8S8rP25YafIDsoedeuOs=
16,56,CSccZrR3vopJGGTcW+bZWc7yl9E=,dHbkMhp1Ztg7JTY57+1sz5qMj2o=
20,53,CSccZrR3vopJGGTcW+bZWc7yl9E=,anrPVBT8S8rP25YafIDsoedeuOs=
16,54,CSccZrR3vopJGGTcW+bZWc7yl9E=,anrPVBT8S8rP25YafIDsoedeuOs=
17,50,CSccZrR3vopJGGTcW+bZWc7yl9E=,anrPVBT8S8rP25YafIDsoedeuOs=
23,53,CSccZrR3vopJGGTcW+bZWc7yl9E=,anrPVBT8S8rP25YafIDsoedeuOs=
17,56,CSccZrR3vopJGGTcW+bZWc7yl9E=,dHbkMhp1Ztg7JTY57+1sz5qMj2o=
22,53,CSccZrR3vopJGGTcW+bZWc7yl9E=,anrPVBT8S8rP25YafIDsoedeuOs=
23,54,CSccZrR3vopJGGTcW+bZWc7yl9E=,anrPVBT8S8rP25YafIDsoedeuOs=
18,56,CSccZrR3vopJGGTcW+bZWc7yl9E=,dHbkMhp1Ztg7JTY57+1sz5qMj2o=
18,51,CSccZrR3vopJGGTcW+bZWc7yl9E=,anrPVBT8S8rP25YafIDsoedeuOs=
19,56,CSccZrR3vopJGGTcW+bZWc7yl9E=,dHbkMhp1Ztg7JTY57+1sz5qMj2o=
20,56,CSccZrR3vopJGGTcW+bZWc7yl9E=,dHbkMhp1Ztg7JTY57+1sz5qMj2o=
17,54,CSccZrR3vopJGGTcW+bZWc7yl9E=,anrPVBT8S8rP25YafIDsoedeuOs=
21,50,CSccZrR3vopJGGTcW+bZWc7yl9E=,anrPVBT8S8rP25YafIDsoedeuOs=
21,56,CSccZrR3vopJGGTcW+bZWc7yl9E=,dHbkMhp1Ztg7JTY57+1sz5qMj2o=
18,48,CSccZrR3vopJGGTcW+bZWc7yl9E=,anrPVBT8S8rP25YafIDsoedeuOs=
19,53,CSccZrR3vopJGGTcW+bZWc7yl9E=,anrPVBT8S8rP25YafIDsoedeuOs=
21,54,CSccZrR3vopJGGTcW+bZWc7yl9E=,anrPVBT8S8rP25YafIDsoedeuOs=
22,56,CSccZrR3vopJGGTcW+bZWc7yl9E=,dHbkMhp1Ztg7JTY57+1sz5qMj2o=
22,55,CSccZrR3vopJGGTcW+bZWc7yl9E=,anrPVBT8S8rP25YafIDsoedeuOs=
19,54,CSccZrR3vopJGGTcW+bZWc7yl9E=,anrPVBT8S8rP25YafIDsoedeuOs=
16,55,CSccZrR3vopJGGTcW+bZWc7yl9E=,anrPVBT8S8rP25YafIDsoedeuOs=
19,52,CSccZrR3vopJGGTcW+bZWc7yl9E=,anrPVBT8S8rP25YafIDsoedeuOs=
18,50,CSccZrR3vopJGGTcW+bZWc7yl9E=,anrPVBT8S8rP25YafIDsoedeuOs=
16,48,CSccZrR3vopJGGTcW+bZWc7yl9E=,anrPVBT8S8rP25YafIDsoedeuOs=
17,49,CSccZrR3vopJGGTcW+bZWc7yl9E=,anrPVBT8S8rP25YafIDsoedeuOs=
17,55,CSccZrR3vopJGGTcW+bZWc7yl9E=,anrPVBT8S8rP25YafIDsoedeuOs=
19,50,CSccZrR3vopJGGTcW+bZWc7yl9E=,anrPVBT8S8rP25YafIDsoedeuOs=
20,55,CSccZrR3vopJGGTcW+bZWc7yl9E=,anrPVBT8S8rP25YafIDsoedeuOs=
21,49,CSccZrR3vopJGGTcW+bZWc7yl9E=,anrPVBT8S8rP25YafIDsoedeuOs=
20,49,CSccZrR3vopJGGTcW+bZWc7yl9E=,anrPVBT8S8rP25YafIDsoedeuOs=
19,49,CSccZrR3vopJGGTcW+bZWc7yl9E=,anrPVBT8S8rP25YafIDsoedeuOs=
18,55,CSccZrR3vopJGGTcW+bZWc7yl9E=,anrPVBT8S8rP25YafIDsoedeuOs=
18,49,CSccZrR3vopJGGTcW+bZWc7yl9E=,anrPVBT8S8rP25YafIDsoedeuOs=
20,50,CSccZrR3vopJGGTcW+bZWc7yl9E=,anrPVBT8S8rP25YafIDsoedeuOs=
19,48,CSccZrR3vopJGGTcW+bZWc7yl9E=,anrPVBT8S8rP25YafIDsoedeuOs=
20,52,CSccZrR3vopJGGTcW+bZWc7yl9E=,anrPVBT8S8rP25YafIDsoedeuOs=
20,54,CSccZrR3vopJGGTcW+bZWc7yl9E=,anrPVBT8S8rP25YafIDsoedeuOs=
21,52,CSccZrR3vopJGGTcW+bZWc7yl9E=,anrPVBT8S8rP25YafIDsoedeuOs=
22,52,CSccZrR3vopJGGTcW+bZWc7yl9E=,anrPVBT8S8rP25YafIDsoedeuOs=
23,52,CSccZrR3vopJGGTcW+bZWc7yl9E=,anrPVBT8S8rP25YafIDsoedeuOs=
18,52,CSccZrR3vopJGGTcW+bZWc7yl9E=,anrPVBT8S8rP25YafIDsoedeuOs=
19,55,CSccZrR3vopJGGTcW+bZWc7yl9E=,anrPVBT8S8rP25YafIDsoedeuOs=
17,52,CSccZrR3vopJGGTcW+bZWc7yl9E=,anrPVBT8S8rP25YafIDsoedeuOs=
18,53,CSccZrR3vopJGGTcW+bZWc7yl9E=,anrPVBT8S8rP25YafIDsoedeuOs=
16,53,CSccZrR3vopJGGTcW+bZWc7yl9E=,anrPVBT8S8rP25YafIDsoedeuOs=
17,53,CSccZrR3vopJGGTcW+bZWc7yl9E=,anrPVBT8S8rP25YafIDsoedeuOs=
